﻿pos_x,pos_y,rotation,side,designator,mpn,pack,footprint,value,mount_type
76.46,-50.99,0.0,top,C1,,,C_0402_1005Metric,DNP,smt
131.39,-50.955,90.0,top,C10,,,C_0603_1608Metric,C_0603_1608Metric,smt
80.71,-136.98,90.0,top,C100,,,C_0402_1005Metric,C_0402_1005Metric,smt
85.46,-115.33,0.0,top,C101,,,C_0402_1005Metric,C_0402_1005Metric,smt
74.98,-136.2,90.0,top,C102,,,C_0603_1608Metric,C_0603_1608Metric,smt
105.43,-129.64,0.0,top,C103,,,C_0402_1005Metric,C_0402_1005Metric,smt
100.87,-118.77,90.0,top,C104,,,C_0402_1005Metric,C_0402_1005Metric,smt
108.95,-130.7,90.0,top,C105,,,C_0402_1005Metric,C_0402_1005Metric,smt
100.88,-122.08,90.0,top,C106,,,C_0402_1005Metric,C_0402_1005Metric,smt
95.58,-118.23,0.0,top,C107,,,C_0402_1005Metric,C_0402_1005Metric,smt
119.63,-117.04,0.0,top,C108,,,C_0402_1005Metric,C_0402_1005Metric,smt
139.41,-135.43,90.0,top,C109,,,C_0402_1005Metric,C_0402_1005Metric,smt
116.16,-53.25,90.0,top,C11,,,C_1206_3216Metric,DNP,smt
115.7,-117.16,0.0,top,C110,,,C_0402_1005Metric,C_0402_1005Metric,smt
127.3,-117.01,0.0,top,C111,,,C_0402_1005Metric,C_0402_1005Metric,smt
127.47,-118.56,0.0,top,C112,,,C_0402_1005Metric,C_0402_1005Metric,smt
115.7,-118.24,0.0,top,C113,,,C_0402_1005Metric,C_0402_1005Metric,smt
119.91,-118.75,0.0,top,C114,,,C_0402_1005Metric,C_0402_1005Metric,smt
152.36,-126.41,180.0,top,C115,,,C_0402_1005Metric,C_0402_1005Metric,smt
149.99,-132.96,180.0,top,C116,,,C_0402_1005Metric,C_0402_1005Metric,smt
155.08,-123.66,180.0,top,C117,,,C_0402_1005Metric,C_0402_1005Metric,smt
154.76,-115.11,180.0,top,C118,,,C_0402_1005Metric,C_0402_1005Metric,smt
149.85,-123.88,180.0,top,C119,,,C_0402_1005Metric,C_0402_1005Metric,smt
134.68,-59.62,90.0,top,C12,,,C_0603_1608Metric,C_0603_1608Metric,smt
141.82,-136.46,90.0,top,C120,,,C_0805_2012Metric,C_0805_2012Metric,smt
149.26,-128.5,90.0,top,C121,,,C_0402_1005Metric,C_0402_1005Metric,smt
153.76,-137.57,0.0,top,C122,,,C_0402_1005Metric,C_0402_1005Metric,smt
170.05,-119.19,90.0,top,C123,,,C_0603_1608Metric,C_0603_1608Metric,smt
178.12,-121.29,90.0,top,C124,,,C_0402_1005Metric,C_0402_1005Metric,smt
170.73,-137.36,90.0,top,C125,,,C_0402_1005Metric,C_0402_1005Metric,smt
168.6,-137.1,90.0,top,C126,,,C_0402_1005Metric,C_0402_1005Metric,smt
168.84,-115.86,90.0,top,C127,,,C_0402_1005Metric,C_0402_1005Metric,smt
175.15,-127.94,90.0,top,C128,,,C_0402_1005Metric,C_0402_1005Metric,smt
170.63,-135.56,0.0,top,C129,,,C_0603_1608Metric,C_0603_1608Metric,smt
138.54,-53.07,90.0,top,C13,,,C_0603_1608Metric,C_0603_1608Metric,smt
172.37,-128.4,90.0,top,C130,,,C_0402_1005Metric,C_0402_1005Metric,smt
209.18,-139.65,90.0,top,C131,,,C_0603_1608Metric,C_0603_1608Metric,smt
210.43,-124.81,0.0,top,C132,,,C_0402_1005Metric,C_0402_1005Metric,smt
196.445,-124.81,0.0,top,C133,,,C_0603_1608Metric,C_0603_1608Metric,smt
193.13,-124.8,0.0,top,C134,,,C_0603_1608Metric,C_0603_1608Metric,smt
135.94,-143.55,0.0,top,C135,,,C_0805_2012Metric,C_0805_2012Metric,smt
115.33,-142.94,90.0,top,C136,,,C_0402_1005Metric,C_0402_1005Metric,smt
141.81,-143.76,90.0,top,C137,,,C_0402_1005Metric,C_0402_1005Metric,smt
151.53,-143.71,90.0,top,C138,,,C_0402_1005Metric,C_0402_1005Metric,smt
147.83,-140.56,0.0,top,C139,,,C_0402_1005Metric,C_0402_1005Metric,smt
135.41,-50.94,90.0,top,C14,,,C_0402_1005Metric,C_0402_1005Metric,smt
178.93,-143.75,90.0,top,C140,,,C_0603_1608Metric,C_0603_1608Metric,smt
214.0,-140.26,90.0,top,C141,,,C_0402_1005Metric,C_0402_1005Metric,smt
210.42,-140.26,90.0,top,C142,,,C_0402_1005Metric,C_0402_1005Metric,smt
212.69,-140.26,90.0,top,C143,,,C_0402_1005Metric,C_0402_1005Metric,smt
215.07,-140.26,90.0,top,C144,,,C_0402_1005Metric,C_0402_1005Metric,smt
211.7,-140.26,90.0,top,C145,,,C_0402_1005Metric,C_0402_1005Metric,smt
216.22,-140.26,90.0,top,C146,,,C_0402_1005Metric,C_0402_1005Metric,smt
131.2,-48.91,90.0,bottom,C147,,,C_0402_1005Metric,C_0402_1005Metric,smt
119.23,-51.95,180.0,bottom,C148,,,C_0402_1005Metric,C_0402_1005Metric,smt
135.09,-62.29,90.0,bottom,C149,,,C_0402_1005Metric,C_0402_1005Metric,smt
115.5,-58.3,90.0,top,C15,,,C_0402_1005Metric,C_0402_1005Metric,smt
116.6,-54.3,90.0,bottom,C150,,,C_0402_1005Metric,DNP,smt
124.86,-53.73,90.0,bottom,C151,,,C_1206_3216Metric,C_1206_3216Metric,smt
125.34,-49.52,90.0,bottom,C152,,,C_0603_1608Metric,C_0603_1608Metric,smt
133.83,-59.68,90.0,bottom,C153,,,C_0603_1608Metric,C_0603_1608Metric,smt
127.88,-49.52,90.0,bottom,C154,,,C_0603_1608Metric,C_0603_1608Metric,smt
139.56,-50.43,90.0,bottom,C155,,,C_0603_1608Metric,C_0603_1608Metric,smt
119.24,-54.98,90.0,bottom,C156,,,C_0402_1005Metric,DNP,smt
124.84,-42.87,180.0,bottom,C157,,,C_0402_1005Metric,DNP,smt
122.4,-53.72,90.0,bottom,C158,,,C_1206_3216Metric,C_1206_3216Metric,smt
119.23,-50.94,180.0,bottom,C159,,,C_0402_1005Metric,C_0402_1005Metric,smt
126.16,-50.74,90.0,top,C16,,,C_0603_1608Metric,C_0603_1608Metric,smt
133.82,-56.27,90.0,bottom,C160,,,C_0603_1608Metric,C_0603_1608Metric,smt
119.59,-58.23,180.0,bottom,C161,,,C_0402_1005Metric,C_0402_1005Metric,smt
127.1,-53.73,90.0,bottom,C162,,,C_1206_3216Metric,C_1206_3216Metric,smt
127.25,-44.89,90.0,bottom,C163,,,C_1206_3216Metric,C_1206_3216Metric,smt
117.59,-60.51,90.0,bottom,C164,,,C_0402_1005Metric,C_0402_1005Metric,smt
129.87,-46.07,180.0,bottom,C165,,,C_0603_1608Metric,C_0603_1608Metric,smt
132.21,-53.98,90.0,bottom,C166,,,C_0402_1005Metric,C_0402_1005Metric,smt
130.93,-43.3,90.0,bottom,C167,,,C_0402_1005Metric,C_0402_1005Metric,smt
92.86,-46.5,180.0,bottom,C168,,,C_0603_1608Metric,C_0603_1608Metric,smt
105.45,-52.62,90.0,bottom,C169,,,C_0402_1005Metric,C_0402_1005Metric,smt
129.04,-50.8,90.0,top,C17,,,C_0402_1005Metric,C_0402_1005Metric,smt
103.94,-49.65,90.0,bottom,C170,,,C_0402_1005Metric,C_0402_1005Metric,smt
91.97,-49.52,90.0,bottom,C171,,,C_0402_1005Metric,C_0402_1005Metric,smt
100.87,-49.65,90.0,bottom,C172,,,C_0402_1005Metric,C_0402_1005Metric,smt
104.95,-49.65,90.0,bottom,C173,,,C_0402_1005Metric,C_0402_1005Metric,smt
93.94,-60.75,-90.0,bottom,C174,,,C_0402_1005Metric,C_0402_1005Metric,smt
98.83,-49.65,90.0,bottom,C175,,,C_0402_1005Metric,C_0402_1005Metric,smt
93.47,-49.51,90.0,bottom,C176,,,C_0402_1005Metric,C_0402_1005Metric,smt
104.84,-45.63,-90.0,bottom,C177,,,C_0402_1005Metric,C_0402_1005Metric,smt
102.92,-49.65,90.0,bottom,C178,,,C_0402_1005Metric,C_0402_1005Metric,smt
105.96,-49.65,90.0,bottom,C179,,,C_0402_1005Metric,C_0402_1005Metric,smt
117.61,-60.84,90.0,top,C18,,,C_0402_1005Metric,C_0402_1005Metric,smt
98.34,-52.62,90.0,bottom,C180,,,C_0402_1005Metric,C_0402_1005Metric,smt
107.36,-52.67,-90.0,bottom,C181,,,C_0402_1005Metric,C_0402_1005Metric,smt
93.24,-54.67,180.0,bottom,C182,,,C_0603_1608Metric,C_0603_1608Metric,smt
103.41,-52.62,90.0,bottom,C183,,,C_0402_1005Metric,C_0402_1005Metric,smt
102.41,-52.62,90.0,bottom,C184,,,C_0402_1005Metric,C_0402_1005Metric,smt
96.31,-52.62,90.0,bottom,C185,,,C_0402_1005Metric,C_0402_1005Metric,smt
99.87,-49.65,90.0,bottom,C186,,,C_0402_1005Metric,C_0402_1005Metric,smt
94.06,-42.97,180.0,bottom,C187,,,C_0603_1608Metric,C_0603_1608Metric,smt
111.84,-45.07,180.0,bottom,C188,,,C_0402_1005Metric,C_0402_1005Metric,smt
93.04,-51.78,90.0,bottom,C189,,,C_0402_1005Metric,C_0402_1005Metric,smt
124.69,-50.72,90.0,top,C19,,,C_0603_1608Metric,C_0603_1608Metric,smt
104.45,-52.62,90.0,bottom,C190,,,C_0402_1005Metric,C_0402_1005Metric,smt
108.66,-52.65,-90.0,bottom,C191,,,C_0402_1005Metric,C_0402_1005Metric,smt
91.9,-52.31,90.0,bottom,C192,,,C_0603_1608Metric,C_0603_1608Metric,smt
101.48,-52.62,90.0,bottom,C193,,,C_0402_1005Metric,C_0402_1005Metric,smt
106.99,-49.65,90.0,bottom,C194,,,C_0402_1005Metric,C_0402_1005Metric,smt
112.16,-49.9,-90.0,bottom,C195,,,C_0402_1005Metric,C_0402_1005Metric,smt
97.86,-49.65,90.0,bottom,C196,,,C_0402_1005Metric,C_0402_1005Metric,smt
100.26,-52.62,90.0,bottom,C197,,,C_0402_1005Metric,C_0402_1005Metric,smt
99.33,-52.62,90.0,bottom,C198,,,C_0402_1005Metric,C_0402_1005Metric,smt
97.32,-52.62,90.0,bottom,C199,,,C_0402_1005Metric,C_0402_1005Metric,smt
73.96,-50.97,0.0,top,C2,,,C_0402_1005Metric,C_0402_1005Metric,smt
118.46,-53.25,90.0,top,C20,,,C_1206_3216Metric,C_1206_3216Metric,smt
84.54,-55.32,-90.0,bottom,C200,,,C_0402_1005Metric,C_0402_1005Metric,smt
88.67,-47.03,180.0,bottom,C201,,,C_1206_3216Metric,C_1206_3216Metric,smt
88.7,-44.04,90.0,bottom,C202,,,C_0603_1608Metric,C_0603_1608Metric,smt
84.23,-48.64,90.0,bottom,C203,,,C_1206_3216Metric,C_1206_3216Metric,smt
140.44,-78.7,180.0,bottom,C204,,,C_0402_1005Metric,C_0402_1005Metric,smt
152.43,-88.55,-90.0,bottom,C205,,,C_1206_3216Metric,C_1206_3216Metric,smt
150.5,-88.55,-90.0,bottom,C206,,,C_0402_1005Metric,C_0402_1005Metric,smt
119.68,-65.91,90.0,bottom,C207,,,C_1206_3216Metric,C_1206_3216Metric,smt
115.65,-74.84,180.0,bottom,C208,,,C_0402_1005Metric,C_0402_1005Metric,smt
134.31,-70.67,-90.0,bottom,C209,,,C_1206_3216Metric,C_1206_3216Metric,smt
138.25,-58.7,0.0,top,C21,,,C_1206_3216Metric,C_1206_3216Metric,smt
131.74,-75.12,90.0,bottom,C210,,,C_0402_1005Metric,C_0402_1005Metric,smt
139.35,-64.67,90.0,bottom,C211,,,C_0603_1608Metric,C_0603_1608Metric,smt
138.64,-68.91,180.0,bottom,C212,,,C_1206_3216Metric,C_1206_3216Metric,smt
137.36,-71.1,180.0,bottom,C213,,,C_0402_1005Metric,C_0402_1005Metric,smt
137.37,-72.06,180.0,bottom,C214,,,C_0402_1005Metric,C_0402_1005Metric,smt
116.95,-65.9,90.0,bottom,C215,,,C_1206_3216Metric,C_1206_3216Metric,smt
94.84,-77.64,90.0,bottom,C216,,,C_0603_1608Metric,C_0603_1608Metric,smt
89.17,-88.39,90.0,bottom,C217,,,C_0402_1005Metric,C_0402_1005Metric,smt
98.03,-81.87,-90.0,bottom,C218,,,C_0402_1005Metric,C_0402_1005Metric,smt
98.82,-77.56,90.0,bottom,C219,,,C_0603_1608Metric,C_0603_1608Metric,smt
127.62,-50.745,90.0,top,C22,,,C_0603_1608Metric,C_0603_1608Metric,smt
101.04,-82.17,-90.0,bottom,C220,,,C_0402_1005Metric,C_0402_1005Metric,smt
102.54,-82.17,-90.0,bottom,C221,,,C_0402_1005Metric,C_0402_1005Metric,smt
97.49,-77.56,90.0,bottom,C222,,,C_0603_1608Metric,C_0603_1608Metric,smt
75.07,-84.87,-90.0,bottom,C223,,,C_0603_1608Metric,C_0603_1608Metric,smt
85.35,-88.69,180.0,bottom,C224,,,C_1206_3216Metric,C_1206_3216Metric,smt
73.54,-67.08,-90.0,bottom,C225,,,C_0603_1608Metric,C_0603_1608Metric,smt
79.49,-68.92,-90.0,bottom,C226,,,C_0603_1608Metric,C_0603_1608Metric,smt
87.65,-64.98,180.0,bottom,C227,,,C_0603_1608Metric,C_0603_1608Metric,smt
84.58,-67.65,180.0,bottom,C228,,,C_0402_1005Metric,C_0402_1005Metric,smt
88.53,-86.82,180.0,bottom,C229,,,C_0402_1005Metric,C_0402_1005Metric,smt
139.81,-53.5,90.0,top,C23,,,C_0603_1608Metric,C_0603_1608Metric,smt
76.66,-66.09,180.0,bottom,C230,,,C_0402_1005Metric,C_0402_1005Metric,smt
74.67,-88.55,0.0,bottom,C231,,,C_0402_1005Metric,DNP,smt
80.93,-85.04,90.0,bottom,C232,,,C_0402_1005Metric,C_0402_1005Metric,smt
76.4,-74.74,180.0,bottom,C233,,,C_0603_1608Metric,C_0603_1608Metric,smt
195.31,-103.47,90.0,bottom,C234,,,C_0402_1005Metric,C_0402_1005Metric,smt
192.33,-103.75,-90.0,bottom,C235,,,C_0603_1608Metric,C_0603_1608Metric,smt
198.89,-102.83,90.0,bottom,C236,,,C_0402_1005Metric,C_0402_1005Metric,smt
193.55,-113.0,0.0,bottom,C237,,,C_0402_1005Metric,C_0402_1005Metric,smt
204.99,-102.21,180.0,bottom,C238,,,C_0402_1005Metric,C_0402_1005Metric,smt
200.7,-111.08,-90.0,bottom,C239,,,C_0402_1005Metric,C_0402_1005Metric,smt
87.79,-74.24,0.0,top,C24,,,C_0402_1005Metric,C_0402_1005Metric,smt
197.03,-102.83,90.0,bottom,C240,,,C_0402_1005Metric,C_0402_1005Metric,smt
211.81,-105.22,90.0,bottom,C241,,,C_0603_1608Metric,C_0603_1608Metric,smt
176.73,-106.6,90.0,bottom,C242,,,C_0402_1005Metric,C_0402_1005Metric,smt
165.89,-101.38,90.0,bottom,C243,,,C_0603_1608Metric,C_0603_1608Metric,smt
184.37,-108.66,90.0,bottom,C244,,,C_0402_1005Metric,C_0402_1005Metric,smt
146.42,-90.71,90.0,bottom,C245,,,C_0603_1608Metric,C_0603_1608Metric,smt
164.4,-103.8,180.0,bottom,C246,,,C_0402_1005Metric,C_0402_1005Metric,smt
152.24,-109.21,180.0,bottom,C247,,,C_0402_1005Metric,C_0402_1005Metric,smt
139.8,-101.79,90.0,bottom,C248,,,C_0603_1608Metric,C_0603_1608Metric,smt
145.02,-90.26,90.0,bottom,C249,,,C_0402_1005Metric,C_0402_1005Metric,smt
80.97,-79.3,0.0,top,C25,,,C_0402_1005Metric,C_0402_1005Metric,smt
117.12,-104.53,90.0,bottom,C250,,,C_0402_1005Metric,C_0402_1005Metric,smt
116.14,-104.53,90.0,bottom,C251,,,C_0402_1005Metric,C_0402_1005Metric,smt
138.66,-90.55,90.0,bottom,C252,,,C_0402_1005Metric,C_0402_1005Metric,smt
107.85,-103.96,90.0,bottom,C253,,,C_0402_1005Metric,C_0402_1005Metric,smt
98.67,-96.04,90.0,bottom,C254,,,C_0402_1005Metric,C_0402_1005Metric,smt
97.53,-96.04,90.0,bottom,C255,,,C_0402_1005Metric,C_0402_1005Metric,smt
85.24,-91.79,180.0,bottom,C256,,,C_0402_1005Metric,C_0402_1005Metric,smt
85.28,-103.9,90.0,bottom,C257,,,C_0402_1005Metric,C_0402_1005Metric,smt
79.24,-97.08,90.0,bottom,C258,,,C_0402_1005Metric,C_0402_1005Metric,smt
85.23,-90.64,180.0,bottom,C259,,,C_0603_1608Metric,C_0603_1608Metric,smt
79.19,-70.83,90.0,top,C26,,,C_0402_1005Metric,C_0402_1005Metric,smt
74.72,-99.61,180.0,bottom,C260,,,C_0402_1005Metric,DNP,smt
217.36,-133.4,180.0,bottom,C261,,,C_0805_2012Metric,C_0805_2012Metric,smt
210.44,-127.03,180.0,bottom,C262,,,C_0402_1005Metric,C_0402_1005Metric,smt
200.71,-123.58,180.0,bottom,C263,,,C_0402_1005Metric,DNP,smt
191.145,-122.28,180.0,bottom,C264,,,C_0402_1005Metric,C_0402_1005Metric,smt
215.62,-128.49,180.0,bottom,C265,,,C_0402_1005Metric,C_0402_1005Metric,smt
202.53,-115.93,180.0,bottom,C266,,,C_0402_1005Metric,C_0402_1005Metric,smt
204.65,-136.48,180.0,bottom,C267,,,C_0402_1005Metric,C_0402_1005Metric,smt
207.575,-127.03,180.0,bottom,C268,,,C_0402_1005Metric,C_0402_1005Metric,smt
200.72,-124.71,180.0,bottom,C269,,,C_0402_1005Metric,C_0402_1005Metric,smt
83.55,-79.3,0.0,top,C27,,,C_0402_1005Metric,C_0402_1005Metric,smt
205.49,-133.26,-90.0,bottom,C270,,,C_0402_1005Metric,C_0402_1005Metric,smt
177.62,-127.23,180.0,bottom,C271,,,C_0402_1005Metric,C_0402_1005Metric,smt
166.25,-122.06,90.0,bottom,C272,,,C_0402_1005Metric,C_0402_1005Metric,smt
167.38,-136.25,-90.0,bottom,C273,,,C_0603_1608Metric,C_0603_1608Metric,smt
165.17,-122.06,-90.0,bottom,C274,,,C_0402_1005Metric,C_0402_1005Metric,smt
173.97,-115.16,180.0,bottom,C275,,,C_0402_1005Metric,C_0402_1005Metric,smt
165.17,-117.59,-90.0,bottom,C276,,,C_0603_1608Metric,C_0603_1608Metric,smt
184.96,-134.57,180.0,bottom,C277,,,C_0402_1005Metric,C_0402_1005Metric,smt
185.37,-129.92,-90.0,bottom,C278,,,C_0402_1005Metric,C_0402_1005Metric,smt
181.72,-126.55,180.0,bottom,C279,,,C_0402_1005Metric,C_0402_1005Metric,smt
101.54,-64.34,90.0,top,C28,,,C_0402_1005Metric,C_0402_1005Metric,smt
138.05,-127.87,90.0,bottom,C280,,,C_0402_1005Metric,C_0402_1005Metric,smt
113.63,-136.4,180.0,bottom,C281,,,C_0402_1005Metric,C_0402_1005Metric,smt
109.31,-127.49,90.0,bottom,C282,,,C_0402_1005Metric,C_0402_1005Metric,smt
111.59,-144.38,180.0,bottom,C283,,,C_0402_1005Metric,C_0402_1005Metric,smt
109.97,-72.6,90.0,top,C29,,,C_1206_3216Metric,C_1206_3216Metric,smt
74.17,-53.37,90.0,top,C3,,,C_0402_1005Metric,C_0402_1005Metric,smt
106.6,-70.72,90.0,top,C30,,,C_0402_1005Metric,C_0402_1005Metric,smt
99.2,-69.38,90.0,top,C31,,,C_0402_1005Metric,C_0402_1005Metric,smt
102.63,-74.74,0.0,top,C32,,,C_0402_1005Metric,C_0402_1005Metric,smt
103.05,-65.69,90.0,top,C33,,,C_0402_1005Metric,C_0402_1005Metric,smt
104.18,-70.72,90.0,top,C34,,,C_0402_1005Metric,C_0402_1005Metric,smt
112.14,-72.6,90.0,top,C35,,,C_1206_3216Metric,C_1206_3216Metric,smt
111.66,-85.44,90.0,top,C36,,,C_0402_1005Metric,C_0402_1005Metric,smt
94.23,-74.53,90.0,top,C37,,,C_0402_1005Metric,C_0402_1005Metric,smt
96.88,-74.02,90.0,top,C38,,,R_0402_1005Metric,R_0402_1005Metric,smt
105.42,-70.72,90.0,top,C39,,,C_0402_1005Metric,C_0402_1005Metric,smt
80.43,-52.03,0.0,top,C4,,,C_0402_1005Metric,C_0402_1005Metric,smt
104.14,-65.69,90.0,top,C40,,,C_0402_1005Metric,C_0402_1005Metric,smt
105.42,-68.16,90.0,top,C41,,,C_0402_1005Metric,C_0402_1005Metric,smt
95.53,-74.53,90.0,top,C42,,,C_0402_1005Metric,C_0402_1005Metric,smt
123.9,-73.54,0.0,top,C43,,,C_0402_1005Metric,C_0402_1005Metric,smt
118.58,-77.8,0.0,top,C44,,,R_0805_2012Metric,R_0805_2012Metric,smt
116.86,-66.88,90.0,top,C45,,,C_0603_1608Metric,C_0603_1608Metric,smt
121.29,-87.12,0.0,top,C46,,,C_1206_3216Metric,C_1206_3216Metric,smt
114.9,-71.49,0.0,top,C47,,,C_0402_1005Metric,C_0402_1005Metric,smt
115.15,-75.52,90.0,top,C48,,,C_1206_3216Metric,C_1206_3216Metric,smt
118.29,-75.36,0.0,top,C49,,,C_0805_2012Metric,C_0805_2012Metric,smt
114.01,-51.68,90.0,top,C5,,,C_0402_1005Metric,C_0402_1005Metric,smt
122.57,-75.89,0.0,top,C50,,,C_0603_1608Metric,C_0603_1608Metric,smt
131.28,-73.54,0.0,top,C51,,,C_0402_1005Metric,C_0402_1005Metric,smt
123.9,-74.5,0.0,top,C52,,,C_0402_1005Metric,DNP,smt
137.35,-74.3,0.0,top,C53,,,C_0402_1005Metric,C_0402_1005Metric,smt
140.32,-68.25,0.0,top,C54,,,C_0402_1005Metric,C_0402_1005Metric,smt
143.34,-88.0,90.0,top,C55,,,C_0805_2012Metric,C_0805_2012Metric,smt
82.49,-105.26,0.0,top,C56,,,C_0402_1005Metric,C_0402_1005Metric,smt
86.29,-100.29,0.0,top,C57,,,C_0402_1005Metric,C_0402_1005Metric,smt
75.83,-110.22,0.0,top,C58,,,C_0603_1608Metric,C_0603_1608Metric,smt
75.47,-98.57,90.0,top,C59,,,C_0603_1608Metric,C_0603_1608Metric,smt
112.07,-43.95,90.0,top,C6,,,C_0402_1005Metric,C_0402_1005Metric,smt
84.31,-112.03,0.0,top,C60,,,C_0402_1005Metric,C_0402_1005Metric,smt
75.42,-104.71,0.0,top,C61,,,C_0402_1005Metric,C_0402_1005Metric,smt
80.98,-97.96,90.0,top,C62,,,C_0402_1005Metric,C_0402_1005Metric,smt
79.51,-110.53,0.0,top,C63,,,C_0603_1608Metric,C_0603_1608Metric,smt
83.16,-110.69,0.0,top,C64,,,C_0603_1608Metric,C_0603_1608Metric,smt
108.98,-102.47,90.0,top,C65,,,C_0402_1005Metric,C_0402_1005Metric,smt
98.75,-113.89,90.0,top,C66,,,C_0402_1005Metric,C_0402_1005Metric,smt
100.26,-94.33,90.0,top,C67,,,R_0402_1005Metric,R_0402_1005Metric,smt
114.24,-89.75,90.0,top,C68,,,C_0603_1608Metric,C_0603_1608Metric,smt
104.59,-99.67,90.0,top,C69,,,C_0402_1005Metric,C_0402_1005Metric,smt
136.38,-49.4,90.0,top,C7,,,C_0402_1005Metric,C_0402_1005Metric,smt
100.0,-113.89,90.0,top,C70,,,C_0402_1005Metric,C_0402_1005Metric,smt
108.89,-94.59,90.0,top,C71,,,C_0402_1005Metric,C_0402_1005Metric,smt
101.16,-94.32,90.0,top,C72,,,R_0402_1005Metric,R_0402_1005Metric,smt
106.99,-99.91,0.0,top,C73,,,C_0402_1005Metric,C_0402_1005Metric,smt
134.54,-91.59,90.0,top,C74,,,C_0603_1608Metric,C_0603_1608Metric,smt
135.85,-112.17,0.0,top,C75,,,C_0402_1005Metric,C_0402_1005Metric,smt
127.21,-89.33,0.0,top,C76,,,C_0402_1005Metric,C_0402_1005Metric,smt
131.03,-89.33,0.0,top,C77,,,C_0402_1005Metric,C_0402_1005Metric,smt
135.89,-113.69,0.0,top,C78,,,C_0402_1005Metric,C_0402_1005Metric,smt
136.83,-91.57,90.0,top,C79,,,C_0402_1005Metric,C_0402_1005Metric,smt
132.59,-50.94,90.0,top,C8,,,C_0402_1005Metric,DNP,smt
139.08,-89.71,0.0,top,C80,,,C_0603_1608Metric,DNP,smt
136.22,-110.66,0.0,top,C81,,,C_0402_1005Metric,C_0402_1005Metric,smt
127.21,-90.4,0.0,top,C82,,,C_0402_1005Metric,C_0402_1005Metric,smt
131.03,-90.4,0.0,top,C83,,,C_0402_1005Metric,C_0402_1005Metric,smt
135.66,-91.57,90.0,top,C84,,,C_0402_1005Metric,C_0402_1005Metric,smt
134.18,-101.99,90.0,top,C85,,,C_0402_1005Metric,C_0402_1005Metric,smt
159.08,-100.53,90.0,top,C86,,,C_0402_1005Metric,C_0402_1005Metric,smt
174.19,-100.26,0.0,top,C87,,,C_0402_1005Metric,C_0402_1005Metric,smt
170.47,-100.51,0.0,top,C88,,,C_0603_1608Metric,C_0603_1608Metric,smt
168.11,-106.8,90.0,top,C89,,,C_0402_1005Metric,C_0402_1005Metric,smt
138.25,-60.95,0.0,top,C9,,,C_1206_3216Metric,C_1206_3216Metric,smt
173.91,-103.26,90.0,top,C90,,,C_0402_1005Metric,C_0402_1005Metric,smt
168.66,-112.41,90.0,top,C91,,,C_0402_1005Metric,C_0402_1005Metric,smt
208.75,-105.35,0.0,top,C92,,,C_0402_1005Metric,C_0402_1005Metric,smt
200.59,-93.41,0.0,top,C93,,,C_0402_1005Metric,C_0402_1005Metric,smt
205.17,-94.41,0.0,top,C94,,,C_0402_1005Metric,C_0402_1005Metric,smt
201.55,-94.48,0.0,top,C95,,,C_0402_1005Metric,C_0402_1005Metric,smt
80.86,-117.8,0.0,top,C96,,,C_0402_1005Metric,C_0402_1005Metric,smt
75.59,-117.67,0.0,top,C97,,,C_0402_1005Metric,C_0402_1005Metric,smt
87.25,-132.95,0.0,top,C98,,,C_0402_1005Metric,C_0402_1005Metric,smt
74.51,-115.9,90.0,top,C99,,,C_0402_1005Metric,C_0402_1005Metric,smt
79.97,-49.92,0.0,top,D1,,,3D,3D,smt
91.81,-102.15,0.0,top,D10,,,3D,3D,smt
135.72,-99.69,0.0,top,D11,,,SOT-416L,SOT-416L,smt
142.74,-91.34,180.0,top,D12,,,D_0603_1608Metric,D_0603_1608Metric,smt
158.38,-94.28,0.0,top,D13,,,3D,3D,smt
142.9,-93.8,180.0,top,D14,,,3D,3D,smt
171.89,-103.49,0.0,top,D15,,,3D,3D,smt
169.155,-103.505,0.0,top,D16,,,3D,3D,smt
206.14,-97.46,180.0,top,D17,,,3D,3D,smt
214.07,-98.45,0.0,top,D18,,,3D,3D,smt
212.86,-93.62,0.0,top,D19,,,3D,3D,smt
105.36,-74.34,-90.0,top,D2,,,SOT-416L,SOT-416L,smt
88.73,-115.31,0.0,top,D20,,,SOT-416L,SOT-416L,smt
97.79,-119.6,0.0,top,D21,,,SOT-416L,SOT-416L,smt
134.43,-140.31,0.0,top,D22,,,3D,3D,smt
88.93,-51.22,0.0,bottom,D23,,,D_0603_1608Metric,D_0603_1608Metric,smt
91.44,-59.52,0.0,bottom,D24,,,SOT-416L,SOT-416L,smt
88.14,-59.7575,90.0,bottom,D25,,,D_0603_1608Metric,D_0603_1608Metric,smt
168.57,-86.85,0.0,bottom,D26,,,Diode,Diode,smt
147.22,-87.97,-90.0,bottom,D27,,,SOT-416L,SOT-416L,smt
106.44,-77.34,-90.0,bottom,D28,,,D_0603_1608Metric,D_0603_1608Metric,smt
80.62,-76.59,180.0,bottom,D29,,,D_0603_1608Metric,D_0603_1608Metric,smt
137.26,-63.65,180.0,top,D3,,,3D,3D,smt
76.13,-72.98,0.0,bottom,D30,,,D_0603_1608Metric,D_0603_1608Metric,smt
86.48,-74.03,180.0,bottom,D31,,,D_0603_1608Metric,D_0603_1608Metric,smt
86.48,-70.24,180.0,bottom,D32,,,D_0603_1608Metric,D_0603_1608Metric,smt
82.23,-78.61,-90.0,bottom,D33,,,SOT-416L,SOT-416L,smt
86.48,-72.26,180.0,bottom,D34,,,D_0603_1608Metric,D_0603_1608Metric,smt
82.24,-80.56,-90.0,bottom,D35,,,SOT-416L,SOT-416L,smt
216.0975,-108.11,180.0,bottom,D36,,,SOT-416,DNP,smt
168.57,-90.12,0.0,bottom,D37,,,Diode,Diode,smt
163.86,-89.52,180.0,bottom,D38,,,SOT-416L,3D,smt
104.88,-100.64,0.0,bottom,D39,,,SOT-23,SOT-23,smt
114.95,-82.7,180.0,top,D4,,,3D,3D,smt
115.24,-79.35,90.0,top,D5,,,3D,3D,smt
86.28,-98.16,0.0,top,D6,,,SOT-416L,SOT-416L,smt
86.28,-108.14,0.0,top,D7,,,3D,3D,smt
84.11,-98.16,0.0,top,D8,,,SOT-416L,SOT-416L,smt
91.91,-98.56,0.0,top,D9,,,3D,3D,smt
103.02,-56.84,0.0,top,EM1,,,R-array,R-array,smt
99.19,-56.84,0.0,top,EM2,,,R-array,R-array,smt
106.8,-56.84,0.0,top,EM3,,,R-array,R-array,smt
110.65,-56.84,0.0,top,EM4,,,R-array,R-array,smt
114.51,-52.25,180.0,bottom,EM5,,,R-array,R-array,smt
165.79,-96.79,90.0,bottom,F1,,,Fuse_1206_3216Metric,Fuse_1206_3216Metric,smt
215.32,-122.9,180.0,bottom,F2,,,Fuse_1206_3216Metric,Fuse_1206_3216Metric,smt
196.44,-122.46,180.0,bottom,F3,,,Fuse_1206_3216Metric,Fuse_1206_3216Metric,smt
183.2,-124.5,180.0,bottom,F4,,,Fuse_1206_3216Metric,Fuse_1206_3216Metric,smt
101.77,-51.32,0.0,top,J1,,,LCD_connector,LCD_connector,smt
163.7,-115.9,-90.0,top,J10,,,PCMCIA,PCMCIA,smt
186.6,-121.72,-90.0,top,J11,,,CF-card,CF-card,smt
137.3,-82.17,180.0,bottom,J12,,,Debug-6,Debug-6,smt
194.79,-95.55,180.0,bottom,J13,,,Docking Port,Docking Port,smt
103.3,-117.82,180.0,bottom,J15,,,RAM Module,RAM Module,smt
198.59,-140.94,180.0,bottom,J16,,,Flat-20,Flat-20,smt
173.95,-140.0,180.0,bottom,J17,,,Flat-8,Flat-8,smt
148.95,-140.98,180.0,bottom,J18,,,Flat-4,Flat-4,smt
98.7,-141.2,180.0,bottom,J19,,,Flat-18,Flat-18,smt
104.56,-44.75,0.0,top,J2,,,PS2,PS2,smt
118.8,-46.41,0.0,top,J3,,,Audio-Jack,Audio-Jack,smt
132.24,-45.95,0.0,top,J4,,,connector-4,connector-4,smt
102.42,-79.87,0.0,top,J5,,,PSU_Connector,PSU_Connector,smt
164.46,-87.02,0.0,top,J6,,,BridgeBatt,BridgeBatt,smt
174.51,-86.26,0.0,top,J7,,,SPKR,SPKR,smt
180.29,-95.67,0.0,top,J8,,,Modem-Connector,Modem-Connector,smt
109.43,-121.94,0.0,top,J9,,,Debug-10,Debug-10,smt
111.79,-46.7,90.0,top,L1,,,L_0603_1608Metric,L_0603_1608Metric,smt
111.97,-46.4,180.0,bottom,L10,,,L_0603_1608Metric,L_0603_1608Metric,smt
95.49,-49.66,180.0,bottom,L11,,,L_0603_1608Metric,L_0603_1608Metric,smt
106.75,-43.04,180.0,bottom,L12,,,L_0805_2012Metric,L_0805_2012Metric,smt
88.93,-53.01,180.0,bottom,L13,,,L_0603_1608Metric,L_0603_1608Metric,smt
110.87,-52.78,180.0,bottom,L14,,,L_0603_1608Metric,L_0603_1608Metric,smt
107.15,-47.42,180.0,bottom,L15,,,L_0603_1608Metric,L_0603_1608Metric,smt
100.66,-47.37,180.0,bottom,L16,,,L_0805_2012Metric,L_0805_2012Metric,smt
92.79,-56.19,180.0,bottom,L17,,,L_0805_2012Metric,L_0805_2012Metric,smt
88.83,-49.77,180.0,bottom,L18,,,L_0402_1005Metric,L_0402_1005Metric,smt
120.72,-52.07,90.0,top,L2,,,L_0603_1608Metric,L_0603_1608Metric,smt
108.19,-71.91,90.0,top,L3,,,L_0603_1608Metric,L_0603_1608Metric,smt
119.4,-82.25,90.0,top,L4,,,L_1210_3225Metric,L_1210_3225Metric,smt
120.64,-54.59,90.0,bottom,L5,,,L_0603_1608Metric,L_0603_1608Metric,smt
124.9,-45.91,90.0,bottom,L6,,,L_0603_1608Metric,L_0603_1608Metric,smt
119.79,-61.11,90.0,bottom,L7,,,L_0603_1608Metric,L_0603_1608Metric,smt
118.11,-54.0125,90.0,bottom,L8,,,L_0603_1608Metric,L_0603_1608Metric,smt
109.34,-50.2,180.0,bottom,L9,,,L_0603_1608Metric,L_0603_1608Metric,smt
84.3,-52.54,0.0,top,Q1,,,SOT-23,SOT-23,smt
78.34,-101.88,-90.0,top,Q10,,,3D,DNP,smt
84.45,-113.65,180.0,top,Q11,,,SOT-416,SOT-416,smt
83.69,-102.93,0.0,top,Q12,,,3D,DNP,smt
102.25,-98.16,90.0,top,Q13,,,SOT-23,SOT-23,smt
98.93,-99.28,-90.0,top,Q14,,,SOT-523,SOT-523,smt
95.37,-100.69,90.0,top,Q15,,,SOT-416L,SOT-416L,smt
96.48,-111.29,-90.0,top,Q16,,,SOT-416L,SOT-416L,smt
92.8,-108.34,-90.0,top,Q17,,,SOT-416,SOT-416,smt
89.65,-108.5,90.0,top,Q18,,,SOT-416L,SOT-416L,smt
101.15,-108.27,180.0,top,Q19,,,3D,3D,smt
78.37,-55.86,90.0,top,Q2,,,SOT-416,SOT-416,smt
90.06,-111.36,0.0,top,Q20,,,SOT-416,SOT-416,smt
96.1,-107.93,90.0,top,Q21,,,SOT-23,SOT-23,smt
136.67,-108.2,0.0,top,Q22,,,SOT-416L,SOT-416L,smt
138.1,-95.5,90.0,top,Q23,,,SOT-416,SOT-416,smt
123.92,-89.79,180.0,top,Q24,,,SOT-416,SOT-416,smt
174.84,-113.02,90.0,top,Q25,,,TSOT-23,TSOT-23,smt
209.53,-93.63,0.0,top,Q26,,,3D,3D,smt
145.14,-135.99,180.0,top,Q27,,,3D,3D,smt
174.02,-119.68,90.0,top,Q28,,,SOT-416,SOT-416,smt
175.36,-116.92,180.0,top,Q29,,,SOT-416L,SOT-416L,smt
81.18,-55.61,90.0,top,Q3,,,SOT-416L,SOT-416L,smt
169.88,-139.61,180.0,top,Q30,,,SOT-416,SOT-416,smt
78.03,-139.94,-90.0,top,Q31,,,3D,3D,smt
137.53,-139.95,-90.0,top,Q32,,,SOT-416,SOT-416,smt
75.49,-53.23,180.0,bottom,Q33,,,SOT-89-3,SOT-89-3,smt
82.24,-58.84,90.0,bottom,Q34,,,SOT-416,SOT-416,smt
81.37,-51.39,90.0,bottom,Q35,,,SOT-23,SOT-23,smt
86.71,-55.39,90.0,bottom,Q36,,,TSOT-23,TSOT-23,smt
84.64,-58.71,0.0,bottom,Q37,,,SOT-416,SOT-416,smt
82.58,-55.73,180.0,bottom,Q38,,,SOT-416L,SOT-416L,smt
140.26,-74.61,0.0,bottom,Q39,,,SOT-416,SOT-416,smt
76.69,-79.01,90.0,top,Q4,,,3D,3D,smt
89.54,-80.37,90.0,bottom,Q40,,,SOT-416,SOT-416,smt
109.6,-77.58,-90.0,bottom,Q41,,,SOT-416,SOT-416,smt
78.52,-81.75,0.0,bottom,Q42,,,SOT-23,SOT-23,smt
81.93,-70.1,-90.0,bottom,Q43,,,SOT-416L,SOT-416L,smt
81.93,-72.05,-90.0,bottom,Q44,,,SOT-416L,SOT-416L,smt
81.92,-74.05,-90.0,bottom,Q45,,,SOT-416L,SOT-416L,smt
88.79,-84.43,180.0,bottom,Q46,,,SOT-23,SOT-23,smt
76.87,-67.91,180.0,bottom,Q47,,,SOT-416,SOT-416,smt
208.13,-103.92,90.0,bottom,Q48,,,SOT-89-3,SOT-89-3,smt
175.74,-103.15,90.0,bottom,Q49,,,SOT-416,SOT-416,smt
123.18,-81.37,0.0,top,Q5,,,SOT-416L,SOT-416L,smt
178.26,-103.73,90.0,bottom,Q50,,,SOT-416,SOT-416,smt
180.55,-103.72,90.0,bottom,Q51,,,SOT-416,SOT-416,smt
187.07,-106.35,180.0,bottom,Q52,,,SOT-89-3,SOT-89-3,smt
170.65,-103.15,90.0,bottom,Q53,,,SOT-416,SOT-416,smt
172.93,-103.15,90.0,bottom,Q54,,,SOT-416,SOT-416,smt
146.8,-94.1,180.0,bottom,Q55,,,SOT-416L,SOT-416L,smt
132.08,-104.52,-90.0,bottom,Q56,,,SOT-523,SOT-523,smt
136.42,-105.05,90.0,bottom,Q57,,,TSOT-23,TSOT-23,smt
214.6,-137.73,-90.0,bottom,Q58,,,SOT-89-3,SOT-89-3,smt
171.94,-135.57,-90.0,bottom,Q59,,,SOT-416,SOT-416,smt
117.08,-86.81,0.0,top,Q6,,,SOT-416L,SOT-416L,smt
152.78,-136.07,180.0,bottom,Q60,,,TSOT-23,TSOT-23,smt
144.94,-136.31,180.0,bottom,Q61,,,TSOT-23,TSOT-23,smt
141.66,-136.29,180.0,bottom,Q62,,,TSOT-23,TSOT-23,smt
141.38,-143.21,180.0,bottom,Q63,,,TSOT-23,TSOT-23,smt
137.84,-139.83,-90.0,bottom,Q64,,,SOT-523,SOT-523,smt
135.77,-139.83,-90.0,bottom,Q65,,,SOT-523,SOT-523,smt
119.0075,-71.2,90.0,top,Q7,,,SOT-89-3,SOT-89-3,smt
140.19,-63.87,0.0,top,Q8,,,SOT-416L,SOT-416L,smt
79.17,-107.77,0.0,top,Q9,,,3D,3D,smt
82.62,-57.19,0.0,top,R1,,,R_0402_1005Metric,125K,smt
82.62,-58.22,0.0,top,R10,,,R_0402_1005Metric,125K,smt
112.6,-90.16,90.0,top,R100,,,R_0402_1005Metric,R_0402_1005Metric,smt
104.0,-111.56,0.0,top,R101,,,R_0402_1005Metric,R_0402_1005Metric,smt
106.92,-110.18,0.0,top,R102,,,R_0402_1005Metric,R_0402_1005Metric,smt
93.04,-111.45,0.0,top,R103,,,R_0402_1005Metric,R_0402_1005Metric,smt
106.92,-108.74,0.0,top,R104,,,R_0402_1005Metric,R_0402_1005Metric,smt
99.35,-97.34,0.0,top,R105,,,R_0402_1005Metric,R_0402_1005Metric,smt
94.0,-98.87,90.0,top,R106,,,R_0402_1005Metric,R_0402_1005Metric,smt
93.91,-102.73,90.0,top,R107,,,R_0402_1005Metric,R_0402_1005Metric,smt
134.17,-94.19,90.0,top,R108,,,R_0402_1005Metric,100K,smt
139.11,-110.64,0.0,top,R109,,,R_0402_1005Metric,R_0402_1005Metric,smt
86.14,-53.71,0.0,top,R11,,,R_0402_1005Metric,123K,smt
136.53,-95.64,90.0,top,R110,,,R_0402_1005Metric,R_0402_1005Metric,smt
137.69,-100.12,90.0,top,R111,,,R_0402_1005Metric,R_0402_1005Metric,smt
120.81,-89.53,0.0,top,R112,,,R_0603_1608Metric,R_0603_1608Metric,smt
139.11,-112.19,0.0,top,R113,,,R_0402_1005Metric,R_0402_1005Metric,smt
138.82,-108.62,90.0,top,R114,,,R_0402_1005Metric,R_0402_1005Metric,smt
137.94,-104.29,0.0,top,R115,,,R_0402_1005Metric,R_0402_1005Metric,smt
138.08,-92.92,90.0,top,R116,,,R_0402_1005Metric,R_0402_1005Metric,smt
137.94,-102.93,0.0,top,R117,,,R_0402_1005Metric,R_0402_1005Metric,smt
159.32,-106.62,90.0,top,R118,,,R_0402_1005Metric,R_0402_1005Metric,smt
150.41,-94.71,90.0,top,R119,,,C_0402_1005Metric,C_0402_1005Metric,smt
81.03,-54.21,0.0,top,R12,,,R_0402_1005Metric,182K,smt
159.36,-103.72,90.0,top,R120,,,R_0402_1005Metric,R_0402_1005Metric,smt
157.83,-97.01,90.0,top,R121,,,R_0402_1005Metric,R_0402_1005Metric,smt
152.33,-94.71,90.0,top,R122,,,C_0402_1005Metric,C_0402_1005Metric,smt
151.44,-94.71,90.0,top,R123,,,R_0402_1005Metric,R_0402_1005Metric,smt
159.02,-97.01,90.0,top,R124,,,R_0402_1005Metric,R_0402_1005Metric,smt
171.61,-90.73,90.0,top,R125,,,C_0402_1005Metric,C_0402_1005Metric,smt
177.77,-113.08,90.0,top,R126,,,R_0402_1005Metric,R_0402_1005Metric,smt
179.19,-100.81,0.0,top,R127,,,R_0402_1005Metric,R_0402_1005Metric,smt
169.83,-112.41,90.0,top,R128,,,R_0402_1005Metric,R_0402_1005Metric,smt
197.41,-98.01,90.0,top,R129,,,R_0402_1005Metric,R_0402_1005Metric,smt
82.04,-61.27,0.0,top,R13,,,R_0402_1005Metric,125K,smt
213.72,-104.64,90.0,top,R130,,,R_0402_1005Metric,R_0402_1005Metric,smt
198.87,-102.84,90.0,top,R131,,,R_0402_1005Metric,DNP,smt
193.61,-93.66,90.0,top,R132,,,R_0402_1005Metric,R_0402_1005Metric,smt
197.76,-93.67,90.0,top,R133,,,R_0402_1005Metric,R_0402_1005Metric,smt
195.43,-98.01,90.0,top,R134,,,R_0402_1005Metric,R_0402_1005Metric,smt
190.58,-93.66,90.0,top,R135,,,R_0402_1005Metric,R_0402_1005Metric,smt
198.9,-98.01,90.0,top,R136,,,R_0402_1005Metric,R_0402_1005Metric,smt
192.6,-93.66,90.0,top,R137,,,R_0402_1005Metric,R_0402_1005Metric,smt
194.61,-93.66,90.0,top,R138,,,R_0402_1005Metric,R_0402_1005Metric,smt
211.45,-102.08,90.0,top,R139,,,R_0402_1005Metric,R_0402_1005Metric,smt
111.06,-62.82,0.0,top,R14,,,R_0402_1005Metric,R_0402_1005Metric,smt
196.57,-93.67,90.0,top,R140,,,R_0402_1005Metric,R_0402_1005Metric,smt
210.44,-102.08,90.0,top,R141,,,R_0402_1005Metric,R_0402_1005Metric,smt
196.4,-98.01,90.0,top,R142,,,R_0402_1005Metric,R_0402_1005Metric,smt
212.42,-102.08,90.0,top,R143,,,R_0402_1005Metric,R_0402_1005Metric,smt
217.02,-104.54,90.0,top,R144,,,R_0402_1005Metric,R_0402_1005Metric,smt
79.3,-134.39,0.0,top,R145,,,R_0402_1005Metric,R_0402_1005Metric,smt
78.2,-117.84,0.0,top,R146,,,R_0402_1005Metric,R_0402_1005Metric,smt
99.69,-119.98,90.0,top,R147,,,R_0402_1005Metric,R_0402_1005Metric,smt
105.64,-119.3,90.0,top,R148,,,R_0402_1005Metric,R_0402_1005Metric,smt
111.96,-117.51,0.0,top,R149,,,R_0402_1005Metric,R_0402_1005Metric,smt
89.65,-53.62,0.0,top,R15,,,R_0402_1005Metric,118K,smt
106.95,-116.4,0.0,top,R150,,,R_0402_1005Metric,R_0402_1005Metric,smt
99.57,-117.5,90.0,top,R151,,,R_0402_1005Metric,R_0402_1005Metric,smt
104.97,-123.46,90.0,top,R152,,,R_0402_1005Metric,R_0402_1005Metric,smt
97.81,-121.54,0.0,top,R153,,,R_0402_1005Metric,R_0402_1005Metric,smt
106.9,-117.45,0.0,top,R154,,,R_0402_1005Metric,R_0402_1005Metric,smt
106.05,-123.46,90.0,top,R155,,,R_0402_1005Metric,R_0402_1005Metric,smt
106.86,-119.3,90.0,top,R156,,,R_0402_1005Metric,R_0402_1005Metric,smt
88.91,-117.5,0.0,top,R157,,,R_0402_1005Metric,R_0402_1005Metric,smt
107.62,-114.63,90.0,top,R158,,,R_0402_1005Metric,R_0402_1005Metric,smt
106.13,-126.62,90.0,top,R159,,,R_0402_1005Metric,R_0402_1005Metric,smt
101.77,-61.8,90.0,top,R16,,,R_0402_1005Metric,R_0402_1005Metric,smt
129.0,-117.01,90.0,top,R160,,,R_0402_1005Metric,R_0402_1005Metric,smt
149.88,-122.51,0.0,top,R161,,,R_0402_1005Metric,R_0402_1005Metric,smt
158.53,-115.02,0.0,top,R162,,,R_0402_1005Metric,R_0402_1005Metric,smt
158.7,-121.37,0.0,top,R163,,,R_0402_1005Metric,R_0402_1005Metric,smt
151.67,-133.83,90.0,top,R164,,,R_0402_1005Metric,R_0402_1005Metric,smt
158.63,-126.54,0.0,top,R165,,,R_0402_1005Metric,R_0402_1005Metric,smt
158.69,-125.05,0.0,top,R166,,,R_0402_1005Metric,R_0402_1005Metric,smt
156.21,-125.24,0.0,top,R167,,,R_0402_1005Metric,R_0402_1005Metric,smt
158.72,-117.39,0.0,top,R168,,,R_0402_1005Metric,R_0402_1005Metric,smt
155.01,-128.96,0.0,top,R169,,,R_0402_1005Metric,R_0402_1005Metric,smt
111.22,-61.21,0.0,top,R17,,,C_0402_1005Metric,C_0402_1005Metric,smt
158.72,-118.81,0.0,top,R170,,,R_0402_1005Metric,R_0402_1005Metric,smt
158.69,-122.6,0.0,top,R171,,,R_0402_1005Metric,R_0402_1005Metric,smt
158.63,-129.17,0.0,top,R172,,,R_0402_1005Metric,R_0402_1005Metric,smt
158.72,-120.11,0.0,top,R173,,,R_0402_1005Metric,R_0402_1005Metric,smt
152.32,-131.62,0.0,top,R174,,,R_0402_1005Metric,R_0402_1005Metric,smt
149.85,-130.29,0.0,top,R175,,,R_0402_1005Metric,R_0402_1005Metric,smt
151.16,-136.46,90.0,top,R176,,,R_0402_1005Metric,R_0402_1005Metric,smt
152.21,-130.29,0.0,top,R177,,,R_0402_1005Metric,R_0402_1005Metric,smt
158.63,-127.57,0.0,top,R178,,,R_0402_1005Metric,R_0402_1005Metric,smt
177.04,-127.93,90.0,top,R179,,,R_0402_1005Metric,R_0402_1005Metric,smt
89.22,-52.71,0.0,top,R18,,,R_0402_1005Metric,118K,smt
173.64,-116.89,90.0,top,R180,,,R_0402_1005Metric,R_0402_1005Metric,smt
177.97,-115.44,90.0,top,R181,,,R_0402_1005Metric,R_0402_1005Metric,smt
171.89,-137.36,90.0,top,R182,,,R_0402_1005Metric,R_0402_1005Metric,smt
168.93,-125.16,90.0,top,R183,,,R_0402_1005Metric,R_0402_1005Metric,smt
168.25,-127.96,90.0,top,R184,,,R_0402_1005Metric,R_0402_1005Metric,smt
172.57,-116.9,90.0,top,R185,,,R_0402_1005Metric,R_0402_1005Metric,smt
178.21,-118.04,90.0,top,R186,,,R_0402_1005Metric,DNP,smt
215.24,-133.56,90.0,top,R187,,,R_0402_1005Metric,R_0402_1005Metric,smt
213.2,-133.56,90.0,top,R188,,,R_0402_1005Metric,R_0402_1005Metric,smt
214.2,-133.56,90.0,top,R189,,,R_0402_1005Metric,R_0402_1005Metric,smt
100.63,-61.8,90.0,top,R19,,,R_0402_1005Metric,R_0402_1005Metric,smt
215.51,-136.6,90.0,top,R190,,,R_0402_1005Metric,R_0402_1005Metric,smt
216.51,-136.6,90.0,top,R191,,,R_0402_1005Metric,R_0402_1005Metric,smt
217.29,-133.56,90.0,top,R192,,,R_0402_1005Metric,R_0402_1005Metric,smt
216.25,-133.56,90.0,top,R193,,,R_0402_1005Metric,R_0402_1005Metric,smt
217.48,-136.6,90.0,top,R194,,,R_0402_1005Metric,R_0402_1005Metric,smt
80.7,-139.8,90.0,top,R195,,,R_0402_1005Metric,R_0402_1005Metric,smt
119.0,-143.08,90.0,top,R196,,,R_0402_1005Metric,R_0402_1005Metric,smt
117.76,-143.08,90.0,top,R197,,,R_0402_1005Metric,R_0402_1005Metric,smt
122.8,-143.08,90.0,top,R198,,,R_0402_1005Metric,R_0402_1005Metric,smt
132.47,-140.04,90.0,top,R199,,,R_0402_1005Metric,R_0402_1005Metric,smt
82.04,-63.3,0.0,top,R2,,,R_0402_1005Metric,125K,smt
102.99,-61.8,90.0,top,R20,,,R_0402_1005Metric,R_0402_1005Metric,smt
127.96,-143.08,90.0,top,R200,,,R_0402_1005Metric,R_0402_1005Metric,smt
121.65,-143.08,90.0,top,R201,,,R_0402_1005Metric,R_0402_1005Metric,smt
120.26,-143.08,90.0,top,R202,,,R_0402_1005Metric,R_0402_1005Metric,smt
130.54,-143.08,90.0,top,R203,,,R_0402_1005Metric,DNP,smt
126.74,-143.08,90.0,top,R204,,,R_0402_1005Metric,R_0402_1005Metric,smt
124.13,-143.08,90.0,top,R205,,,R_0402_1005Metric,R_0402_1005Metric,smt
131.79,-143.08,90.0,top,R206,,,R_0402_1005Metric,DNP,smt
143.35,-140.12,90.0,top,R207,,,R_0402_1005Metric,R_0402_1005Metric,smt
145.32,-140.12,90.0,top,R208,,,R_0402_1005Metric,R_0402_1005Metric,smt
151.72,-140.9,90.0,top,R209,,,R_0402_1005Metric,R_0402_1005Metric,smt
104.16,-61.8,90.0,top,R21,,,R_0402_1005Metric,R_0402_1005Metric,smt
152.73,-143.71,90.0,top,R210,,,R_0402_1005Metric,R_0402_1005Metric,smt
144.37,-140.12,90.0,top,R211,,,R_0402_1005Metric,R_0402_1005Metric,smt
150.74,-140.9,90.0,top,R212,,,R_0402_1005Metric,R_0402_1005Metric,smt
140.5,-143.38,90.0,top,R213,,,R_0402_1005Metric,R_0402_1005Metric,smt
152.74,-140.9,90.0,top,R214,,,R_0402_1005Metric,R_0402_1005Metric,smt
169.99,-145.27,0.0,top,R215,,,R_0402_1005Metric,R_0402_1005Metric,smt
180.08,-143.65,90.0,top,R216,,,R_0402_1005Metric,R_0402_1005Metric,smt
140.92,-47.45,90.0,bottom,R217,,,R_0402_1005Metric,R_0402_1005Metric,smt
139.8,-46.85,90.0,bottom,R218,,,R_0402_1005Metric,R_0402_1005Metric,smt
132.33,-62.84,-90.0,bottom,R219,,,R_0402_1005Metric,R_0402_1005Metric,smt
105.54,-61.8,90.0,top,R22,,,R_0402_1005Metric,R_0402_1005Metric,smt
130.17,-48.91,90.0,bottom,R220,,,R_0402_1005Metric,R_0402_1005Metric,smt
124.15,-48.65,90.0,bottom,R221,,,R_0402_1005Metric,R_0402_1005Metric,smt
126.54,-49.52,90.0,bottom,R222,,,R_0402_1005Metric,R_0402_1005Metric,smt
128.88,-43.3,90.0,bottom,R223,,,R_0402_1005Metric,R_0402_1005Metric,smt
133.41,-62.84,90.0,bottom,R224,,,R_0402_1005Metric,R_0402_1005Metric,smt
129.93,-43.3,90.0,bottom,R225,,,R_0402_1005Metric,R_0402_1005Metric,smt
129.71,-53.73,90.0,bottom,R226,,,R_1206_3216Metric,R_1206_3216Metric,smt
129.14,-48.91,90.0,bottom,R227,,,R_0402_1005Metric,R_0402_1005Metric,smt
116.93,-56.19,0.0,bottom,R228,,,R_0402_1005Metric,R_0402_1005Metric,smt
89.61,-57.88,-90.0,bottom,R229,,,R_0402_1005Metric,R_0402_1005Metric,smt
97.36,-60.16,90.0,top,R23,,,R_0402_1005Metric,R_0402_1005Metric,smt
102.67,-43.04,180.0,bottom,R230,,,R_0805_2012Metric,0 ohm,smt
95.34,-52.63,90.0,bottom,R231,,,R_0402_1005Metric,R_0402_1005Metric,smt
94.01,-58.05,-90.0,bottom,R232,,,R_0402_1005Metric,R_0402_1005Metric,smt
111.97,-47.76,180.0,bottom,R233,,,R_0603_1608Metric,0 ohm,smt
89.01,-55.72,-90.0,bottom,R234,,,R_0402_1005Metric,R_0402_1005Metric,smt
76.21,-48.72,180.0,bottom,R235,,,R_1206_3216Metric_Pad1.30x1.75mm_HandSolder,8.2 ohm,smt
81.39,-60.89,180.0,bottom,R236,,,R_0402_1005Metric,R_0402_1005Metric,smt
86.22,-50.36,90.0,bottom,R237,,,R_0402_1005Metric,R_0402_1005Metric,smt
85.62,-43.01,180.0,bottom,R238,,,R_0603_1608Metric,R_0603_1608Metric,smt
84.67,-60.27,180.0,bottom,R239,,,R_0402_1005Metric,R_0402_1005Metric,smt
138.39,-49.4,90.0,top,R24,,,R_0402_1005Metric,R_0402_1005Metric,smt
79.18,-51.99,-90.0,bottom,R240,,,R_0402_1005Metric,R_0402_1005Metric,smt
84.74,-53.01,180.0,bottom,R241,,,R_0603_1608Metric,R_0603_1608Metric,smt
148.1,-85.78,0.0,bottom,R242,,,R_0402_1005Metric,R_0402_1005Metric,smt
140.28,-72.55,180.0,bottom,R243,,,R_0402_1005Metric,R_0402_1005Metric,smt
140.44,-81.76,180.0,bottom,R244,,,R_0402_1005Metric,R_0402_1005Metric,smt
140.43,-76.39,180.0,bottom,R245,,,R_0402_1005Metric,R_0402_1005Metric,smt
140.44,-79.69,180.0,bottom,R246,,,R_0402_1005Metric,R_0402_1005Metric,smt
140.44,-82.74,180.0,bottom,R247,,,R_0402_1005Metric,R_0402_1005Metric,smt
140.28,-71.57,180.0,bottom,R248,,,R_0402_1005Metric,R_0402_1005Metric,smt
121.31,-75.34,90.0,bottom,R249,,,R_0402_1005Metric,R_0402_1005Metric,smt
127.24,-48.12,0.0,top,R25,,,R_0402_1005Metric,R_0402_1005Metric,smt
137.31,-64.91,-90.0,bottom,R250,,,R_0805_2012Metric,R_0805_2012Metric,smt
118.78,-74.88,180.0,bottom,R251,,,R_0402_1005Metric,R_0402_1005Metric,smt
134.04,-76.34,180.0,bottom,R252,,,R_0402_1005Metric,R_0402_1005Metric,smt
131.86,-68.37,-90.0,bottom,R253,,,C_0402_1005Metric,C_0402_1005Metric,smt
132.23,-71.86,-90.0,bottom,R254,,,R_0805_2012Metric,R_0805_2012Metric,smt
116.55,-72.78,90.0,bottom,R255,,,R_0402_1005Metric,R_0402_1005Metric,smt
118.78,-75.85,180.0,bottom,R256,,,R_0402_1005Metric,R_0402_1005Metric,smt
137.36,-75.09,180.0,bottom,R257,,,R_0402_1005Metric,R_0402_1005Metric,smt
134.04,-74.68,180.0,bottom,R258,,,R_0402_1005Metric,R_0402_1005Metric,smt
92.52,-66.35,180.0,bottom,R259,,,R_0805_2012Metric,R_0805_2012Metric,smt
135.13,-56.27,90.0,top,R26,,,R_0402_1005Metric,R_0402_1005Metric,smt
93.58,-84.72,180.0,bottom,R260,,,C_0402_1005Metric,C_0402_1005Metric,smt
91.05,-74.08,180.0,bottom,R261,,,R_0402_1005Metric,R_0402_1005Metric,smt
107.03,-85.96,90.0,bottom,R262,,,R_0402_1005Metric,R_0402_1005Metric,smt
92.52,-70.68,180.0,bottom,R263,,,R_0805_2012Metric,R_0805_2012Metric,smt
104.03,-74.77,180.0,bottom,R264,,,R_0402_1005Metric,R_0402_1005Metric,smt
93.73,-63.58,180.0,bottom,R265,,,R_0402_1005Metric,R_0402_1005Metric,smt
92.52,-68.65,180.0,bottom,R266,,,R_0805_2012Metric,R_0805_2012Metric,smt
89.98,-66.74,-90.0,bottom,R267,,,R_0402_1005Metric,R_0402_1005Metric,smt
105.93,-85.96,90.0,bottom,R268,,,R_0402_1005Metric,R_0402_1005Metric,smt
89.52,-82.4,180.0,bottom,R269,,,R_0402_1005Metric,R_0402_1005Metric,smt
136.07,-53.63,90.0,top,R27,,,R_0402_1005Metric,R_0402_1005Metric,smt
89.57,-64.41,-90.0,bottom,R270,,,R_0402_1005Metric,R_0402_1005Metric,smt
104.51,-77.59,90.0,bottom,R271,,,R_0402_1005Metric,DNP,smt
91.05,-72.91,180.0,bottom,R272,,,R_0402_1005Metric,R_0402_1005Metric,smt
89.39,-77.54,90.0,bottom,R273,,,R_0402_1005Metric,R_0402_1005Metric,smt
107.9,-77.39,90.0,bottom,R274,,,R_0402_1005Metric,R_0402_1005Metric,smt
108.05,-85.96,90.0,bottom,R275,,,R_0402_1005Metric,R_0402_1005Metric,smt
81.72,-67.87,180.0,bottom,R276,,,R_0402_1005Metric,R_0402_1005Metric,smt
76.88,-87.2,180.0,bottom,R277,,,R_0402_1005Metric,R_0402_1005Metric,smt
87.47,-63.65,180.0,bottom,R278,,,R_0402_1005Metric,R_0402_1005Metric,smt
87.47,-66.41,180.0,bottom,R279,,,R_0402_1005Metric,R_0402_1005Metric,smt
132.68,-53.8,90.0,top,R28,,,R_0402_1005Metric,R_0402_1005Metric,smt
80.93,-82.35,90.0,bottom,R280,,,R_0402_1005Metric,R_0402_1005Metric,smt
84.87,-86.5,180.0,bottom,R281,,,R_0805_2012Metric,R_0805_2012Metric,smt
73.75,-63.54,180.0,bottom,R282,,,R_0402_1005Metric,R_0402_1005Metric,smt
79.09,-74.64,90.0,bottom,R283,,,R_0402_1005Metric,R_0402_1005Metric,smt
73.41,-73.35,-90.0,bottom,R284,,,R_0402_1005Metric,R_0402_1005Metric,smt
84.48,-77.67,90.0,bottom,R285,,,R_0402_1005Metric,R_0402_1005Metric,smt
73.74,-64.57,180.0,bottom,R286,,,R_0402_1005Metric,R_0402_1005Metric,smt
76.66,-65.06,180.0,bottom,R287,,,R_0402_1005Metric,R_0402_1005Metric,smt
85.22,-84.31,180.0,bottom,R288,,,R_0402_1005Metric,R_0402_1005Metric,smt
75.5,-81.92,-90.0,bottom,R289,,,R_0402_1005Metric,R_0402_1005Metric,smt
135.19,-53.05,90.0,top,R29,,,C_0402_1005Metric,C_0402_1005Metric,smt
216.55,-112.5,180.0,bottom,R290,,,R_0402_1005Metric,DNP,smt
218.36,-108.1,90.0,bottom,R291,,,R_0402_1005Metric,R_0402_1005Metric,smt
214.89,-110.7,180.0,bottom,R292,,,R_0402_1005Metric,DNP,smt
193.55,-111.99,180.0,bottom,R293,,,R_0402_1005Metric,R_0402_1005Metric,smt
191.89,-107.8925,90.0,bottom,R294,,,R_0805_2012Metric,R_0805_2012Metric,smt
212.8,-111.34,180.0,bottom,R295,,,R_0402_1005Metric,DNP,smt
212.8,-113.42,180.0,bottom,R296,,,R_0402_1005Metric,DNP,smt
212.4,-110.48,180.0,bottom,R297,,,R_0402_1005Metric,DNP,smt
190.62,-103.68,90.0,bottom,R298,,,R_0402_1005Metric,R_0402_1005Metric,smt
213.55,-108.06,180.0,bottom,R299,,,R_0402_1005Metric,R_0402_1005Metric,smt
83.22,-55.57,90.0,top,R3,,,R_0402_1005Metric,131K,smt
130.17,-50.46,90.0,top,R30,,,R_0402_1005Metric,R_0402_1005Metric,smt
211.01,-108.06,180.0,bottom,R300,,,R_0402_1005Metric,R_0402_1005Metric,smt
193.67,-107.9,90.0,bottom,R301,,,R_0805_2012Metric,DNP,smt
208.39,-108.06,180.0,bottom,R302,,,R_0402_1005Metric,R_0402_1005Metric,smt
212.8,-112.28,180.0,bottom,R303,,,R_0402_1005Metric,R_0402_1005Metric,smt
168.07,-102.11,180.0,bottom,R304,,,R_0402_1005Metric,R_0402_1005Metric,smt
168.07,-103.1,180.0,bottom,R305,,,R_0402_1005Metric,R_0402_1005Metric,smt
183.1,-108.66,90.0,bottom,R306,,,R_0402_1005Metric,R_0402_1005Metric,smt
182.14,-114.16,180.0,bottom,R307,,,R_0402_1005Metric,R_0402_1005Metric,smt
155.49,-95.05,90.0,bottom,R308,,,R_0805_2012Metric,R_0805_2012Metric,smt
157.68,-109.13,180.0,bottom,R309,,,R_0402_1005Metric,R_0402_1005Metric,smt
137.27,-53.01,90.0,top,R31,,,R_0402_1005Metric,300 ohm,smt
151.58,-94.9,90.0,bottom,R310,,,R_0402_1005Metric,R_0402_1005Metric,smt
145.18,-94.62,90.0,bottom,R311,,,R_0402_1005Metric,R_0402_1005Metric,smt
155.26,-109.0,180.0,bottom,R312,,,R_0402_1005Metric,R_0402_1005Metric,smt
148.59,-109.17,180.0,bottom,R313,,,R_0402_1005Metric,R_0402_1005Metric,smt
161.62,-109.21,180.0,bottom,R314,,,R_0402_1005Metric,R_0402_1005Metric,smt
140.22,-105.3,90.0,bottom,R315,,,R_0402_1005Metric,R_0402_1005Metric,smt
145.63,-109.09,180.0,bottom,R316,,,R_0402_1005Metric,R_0402_1005Metric,smt
119.12,-104.51,90.0,bottom,R317,,,R_0402_1005Metric,R_0402_1005Metric,smt
120.06,-104.51,90.0,bottom,R318,,,R_0402_1005Metric,R_0402_1005Metric,smt
130.27,-104.44,90.0,bottom,R319,,,R_0402_1005Metric,R_0402_1005Metric,smt
117.8,-57.15,90.0,top,R32,,,R_0402_1005Metric,R_0402_1005Metric,smt
129.23,-104.44,90.0,bottom,R320,,,R_0402_1005Metric,R_0402_1005Metric,smt
133.88,-104.53,90.0,bottom,R321,,,R_0402_1005Metric,R_0402_1005Metric,smt
128.17,-104.44,90.0,bottom,R322,,,R_0402_1005Metric,R_0402_1005Metric,smt
121.18,-104.51,90.0,bottom,R323,,,R_0402_1005Metric,R_0402_1005Metric,smt
122.18,-104.51,90.0,bottom,R324,,,R_0402_1005Metric,R_0402_1005Metric,smt
124.22,-104.51,90.0,bottom,R325,,,R_0402_1005Metric,R_0402_1005Metric,smt
123.23,-104.51,-90.0,bottom,R326,,,R_0402_1005Metric,R_0402_1005Metric,smt
138.67,-102.98,90.0,bottom,R327,,,R_0402_1005Metric,R_0402_1005Metric,smt
137.88,-114.16,90.0,bottom,R328,,,R_0402_1005Metric,R_0402_1005Metric,smt
108.87,-89.51,90.0,bottom,R329,,,R_0402_1005Metric,R_0402_1005Metric,smt
134.37,-50.94,90.0,top,R33,,,R_0402_1005Metric,R_0402_1005Metric,smt
98.0,-91.6,90.0,bottom,R330,,,R_0402_1005Metric,DNP,smt
108.87,-92.56,90.0,bottom,R331,,,R_0402_1005Metric,R_0402_1005Metric,smt
108.88,-95.89,90.0,bottom,R332,,,R_0402_1005Metric,R_0402_1005Metric,smt
104.85,-95.89,90.0,bottom,R333,,,R_0402_1005Metric,R_0402_1005Metric,smt
106.09,-92.56,90.0,bottom,R334,,,R_0402_1005Metric,R_0402_1005Metric,smt
106.91,-95.89,90.0,bottom,R335,,,R_0402_1005Metric,R_0402_1005Metric,smt
104.04,-92.56,90.0,bottom,R336,,,R_0402_1005Metric,R_0402_1005Metric,smt
107.91,-95.89,90.0,bottom,R337,,,R_0402_1005Metric,R_0402_1005Metric,smt
102.24,-99.99,90.0,bottom,R338,,,R_0402_1005Metric,R_0402_1005Metric,smt
90.21,-90.32,90.0,bottom,R339,,,R_0402_1005Metric,R_0402_1005Metric,smt
133.47,-50.94,90.0,top,R34,,,R_0402_1005Metric,R_0402_1005Metric,smt
103.01,-92.56,90.0,bottom,R340,,,R_0402_1005Metric,R_0402_1005Metric,smt
103.69,-95.89,90.0,bottom,R341,,,R_0402_1005Metric,R_0402_1005Metric,smt
101.91,-92.56,90.0,bottom,R342,,,R_0402_1005Metric,R_0402_1005Metric,smt
107.84,-89.51,90.0,bottom,R343,,,R_0402_1005Metric,R_0402_1005Metric,smt
105.02,-92.56,90.0,bottom,R344,,,R_0402_1005Metric,R_0402_1005Metric,smt
106.85,-89.51,90.0,bottom,R345,,,R_0402_1005Metric,R_0402_1005Metric,smt
93.11,-103.73,90.0,bottom,R346,,,R_0402_1005Metric,R_0402_1005Metric,smt
102.23,-89.78,90.0,bottom,R347,,,R_0402_1005Metric,R_0402_1005Metric,smt
105.93,-89.51,90.0,bottom,R348,,,R_0402_1005Metric,R_0402_1005Metric,smt
103.28,-89.78,90.0,bottom,R349,,,R_0402_1005Metric,R_0402_1005Metric,smt
138.24,-56.04,0.0,top,R35,,,R_1206_3216Metric,R_1206_3216Metric,smt
91.21,-90.32,90.0,bottom,R350,,,R_0402_1005Metric,R_0402_1005Metric,smt
107.09,-92.56,90.0,bottom,R351,,,R_0402_1005Metric,R_0402_1005Metric,smt
95.61,-104.08,90.0,bottom,R352,,,R_0402_1005Metric,R_0402_1005Metric,smt
94.31,-103.73,90.0,bottom,R353,,,R_0402_1005Metric,R_0402_1005Metric,smt
99.16,-92.21,90.0,bottom,R354,,,R_0402_1005Metric,R_0402_1005Metric,smt
104.84,-89.51,90.0,bottom,R355,,,R_0402_1005Metric,R_0402_1005Metric,smt
105.9,-95.89,90.0,bottom,R356,,,R_0402_1005Metric,R_0402_1005Metric,smt
83.45,-104.01,-90.0,bottom,R357,,,R_0402_1005Metric,R_0402_1005Metric,smt
81.03,-89.03,180.0,bottom,R358,,,R_0402_1005Metric,R_0402_1005Metric,smt
88.04,-91.78,180.0,bottom,R359,,,R_0402_1005Metric,R_0402_1005Metric,smt
137.46,-49.4,90.0,top,R36,,,R_0402_1005Metric,R_0402_1005Metric,smt
87.77,-103.96,180.0,bottom,R360,,,R_0402_1005Metric,R_0402_1005Metric,smt
216.55,-114.6,180.0,bottom,R361,,,R_0402_1005Metric,R_0402_1005Metric,smt
216.55,-115.58,180.0,bottom,R362,,,R_0402_1005Metric,R_0402_1005Metric,smt
213.51,-116.17,180.0,bottom,R363,,,R_0402_1005Metric,R_0402_1005Metric,smt
210.28,-125.4,180.0,bottom,R364,,,R_0402_1005Metric,R_0402_1005Metric,smt
213.12,-133.52,90.0,bottom,R365,,,R_0402_1005Metric,R_0402_1005Metric,smt
212.8,-114.47,180.0,bottom,R366,,,R_0402_1005Metric,R_0402_1005Metric,smt
197.25,-119.59,180.0,bottom,R367,,,R_0402_1005Metric,DNP,smt
212.72,-120.66,0.0,bottom,R368,,,R_0402_1005Metric,R_0402_1005Metric,smt
193.95,-119.64,180.0,bottom,R369,,,R_0402_1005Metric,R_0402_1005Metric,smt
141.26,-53.47,90.0,top,R37,,,R_0402_1005Metric,R_0402_1005Metric,smt
213.51,-117.09,180.0,bottom,R370,,,R_0402_1005Metric,R_0402_1005Metric,smt
207.59,-125.4,180.0,bottom,R371,,,R_0402_1005Metric,R_0402_1005Metric,smt
210.45,-128.09,180.0,bottom,R372,,,R_0402_1005Metric,R_0402_1005Metric,smt
182.14,-122.49,180.0,bottom,R373,,,R_0402_1005Metric,R_0402_1005Metric,smt
182.14,-118.37,180.0,bottom,R374,,,R_0402_1005Metric,R_0402_1005Metric,smt
182.14,-121.42,180.0,bottom,R375,,,R_0402_1005Metric,R_0402_1005Metric,smt
167.34,-122.06,-90.0,bottom,R376,,,R_0402_1005Metric,R_0402_1005Metric,smt
182.14,-116.26,180.0,bottom,R377,,,R_0402_1005Metric,R_0402_1005Metric,smt
182.14,-120.39,180.0,bottom,R378,,,R_0402_1005Metric,R_0402_1005Metric,smt
182.14,-117.24,180.0,bottom,R379,,,R_0402_1005Metric,R_0402_1005Metric,smt
139.73,-50.17,90.0,top,R38,,,R_0402_1005Metric,R_0402_1005Metric,smt
169.96,-135.57,90.0,bottom,R380,,,R_0402_1005Metric,R_0402_1005Metric,smt
182.14,-119.38,180.0,bottom,R381,,,R_0402_1005Metric,R_0402_1005Metric,smt
182.14,-115.27,180.0,bottom,R382,,,R_0402_1005Metric,R_0402_1005Metric,smt
168.99,-137.08,90.0,bottom,R383,,,R_0402_1005Metric,R_0402_1005Metric,smt
148.47,-135.51,90.0,bottom,R384,,,R_0402_1005Metric,R_0402_1005Metric,smt
147.44,-135.51,90.0,bottom,R385,,,R_0402_1005Metric,R_0402_1005Metric,smt
155.52,-136.52,90.0,bottom,R386,,,R_0402_1005Metric,R_0402_1005Metric,smt
156.68,-136.52,90.0,bottom,R387,,,R_0402_1005Metric,DNP,smt
149.56,-135.51,90.0,bottom,R388,,,R_0402_1005Metric,R_0402_1005Metric,smt
157.82,-136.52,90.0,bottom,R389,,,R_0402_1005Metric,R_0402_1005Metric,smt
139.74,-47.12,90.0,top,R39,,,R_0402_1005Metric,R_0402_1005Metric,smt
150.56,-135.51,90.0,bottom,R390,,,R_0402_1005Metric,R_0402_1005Metric,smt
136.3,-135.74,90.0,bottom,R391,,,R_0402_1005Metric,R_0402_1005Metric,smt
137.93,-124.61,90.0,bottom,R392,,,R_0402_1005Metric,R_0402_1005Metric,smt
137.98,-117.18,90.0,bottom,R393,,,R_0402_1005Metric,R_0402_1005Metric,smt
138.1,-130.72,90.0,bottom,R394,,,R_0402_1005Metric,R_0402_1005Metric,smt
137.3,-135.74,90.0,bottom,R395,,,R_0402_1005Metric,R_0402_1005Metric,smt
138.32,-135.74,90.0,bottom,R396,,,R_0402_1005Metric,R_0402_1005Metric,smt
135.27,-135.74,90.0,bottom,R397,,,R_0402_1005Metric,DNP,smt
138.2,-120.75,90.0,bottom,R398,,,R_0402_1005Metric,R_0402_1005Metric,smt
139.35,-135.74,90.0,bottom,R399,,,R_0402_1005Metric,R_0402_1005Metric,smt
81.7,-49.56,90.0,top,R4,,,R_0402_1005Metric,4.7K,smt
86.37,-77.61,90.0,top,R40,,,R_0402_1005Metric,47K,smt
96.25,-121.27,180.0,bottom,R400,,,R_0402_1005Metric,R_0402_1005Metric,smt
96.25,-118.19,180.0,bottom,R401,,,R_0402_1005Metric,DNP,smt
96.25,-123.29,180.0,bottom,R402,,,R_0402_1005Metric,R_0402_1005Metric,smt
96.25,-120.25,180.0,bottom,R403,,,R_0402_1005Metric,DNP,smt
96.25,-119.28,180.0,bottom,R404,,,R_0402_1005Metric,R_0402_1005Metric,smt
96.25,-116.15,180.0,bottom,R405,,,R_0402_1005Metric,R_0402_1005Metric,smt
96.25,-117.23,180.0,bottom,R406,,,R_0402_1005Metric,DNP,smt
141.91,-139.81,90.0,bottom,R407,,,R_0402_1005Metric,R_0402_1005Metric,smt
140.88,-139.81,90.0,bottom,R408,,,R_0402_1005Metric,R_0402_1005Metric,smt
137.83,-142.63,90.0,bottom,R409,,,R_0402_1005Metric,R_0402_1005Metric,smt
78.9,-79.1,90.0,top,R41,,,R_0402_1005Metric,R_0402_1005Metric,smt
139.35,-141.34,90.0,bottom,R410,,,R_0402_1005Metric,R_0402_1005Metric,smt
139.35,-143.9,90.0,bottom,R411,,,R_0402_1005Metric,R_0402_1005Metric,smt
136.82,-142.63,90.0,bottom,R412,,,R_0402_1005Metric,R_0402_1005Metric,smt
135.77,-142.63,90.0,bottom,R413,,,R_0402_1005Metric,R_0402_1005Metric,smt
87.73,-77.88,90.0,top,R42,,,R_0402_1005Metric,R_0402_1005Metric,smt
84.96,-77.61,90.0,top,R43,,,R_0402_1005Metric,4.7K,smt
74.48,-84.71,-90.0,top,R44,,,R_0402_1005Metric,R_0402_1005Metric,smt
101.55,-70.65,90.0,top,R45,,,R_0402_1005Metric,R_0402_1005Metric,smt
98.18,-73.55,90.0,top,R46,,,R_0402_1005Metric,R_0402_1005Metric,smt
99.49,-88.85,90.0,top,R47,,,R_0402_1005Metric,R_0402_1005Metric,smt
100.44,-66.92,90.0,top,R48,,,R_0402_1005Metric,R_0402_1005Metric,smt
108.52,-64.83,90.0,top,R49,,,R_0402_1005Metric,DNP,smt
82.04,-62.27,0.0,top,R5,,,R_0402_1005Metric,125K,smt
108.5,-67.45,90.0,top,R50,,,R_0402_1005Metric,DNP,smt
97.82,-69.33,90.0,top,R51,,,R_0402_1005Metric,R_0402_1005Metric,smt
100.8,-73.44,90.0,top,R52,,,R_0402_1005Metric,R_0402_1005Metric,smt
99.96,-86.29,90.0,top,R53,,,R_0402_1005Metric,R_0402_1005Metric,smt
112.08,-65.17,90.0,top,R54,,,R_0402_1005Metric,DNP,smt
107.38,-64.83,90.0,top,R55,,,R_0402_1005Metric,DNP,smt
107.37,-67.45,90.0,top,R56,,,R_0402_1005Metric,DNP,smt
109.68,-67.45,90.0,top,R57,,,R_0402_1005Metric,DNP,smt
100.46,-70.65,90.0,top,R58,,,R_0402_1005Metric,R_0402_1005Metric,smt
100.96,-86.29,90.0,top,R59,,,R_0402_1005Metric,R_0402_1005Metric,smt
82.62,-59.18,0.0,top,R6,,,R_0402_1005Metric,125K,smt
97.81,-66.3,90.0,top,R60,,,R_0402_1005Metric,R_0402_1005Metric,smt
101.02,-88.85,90.0,top,R61,,,R_0402_1005Metric,R_0402_1005Metric,smt
89.07,-77.36,90.0,top,R62,,,R_0402_1005Metric,R_0402_1005Metric,smt
99.39,-73.44,90.0,top,R63,,,R_0402_1005Metric,R_0402_1005Metric,smt
98.9,-65.63,90.0,top,R64,,,R_0402_1005Metric,R_0402_1005Metric,smt
106.29,-64.83,90.0,top,R65,,,R_0402_1005Metric,DNP,smt
113.11,-65.17,90.0,top,R66,,,R_0402_1005Metric,DNP,smt
102.45,-73.55,0.0,top,R67,,,R_0402_1005Metric,R_0402_1005Metric,smt
122.0,-71.04,90.0,top,R68,,,R_0402_1005Metric,R_0402_1005Metric,smt
122.48,-77.25,0.0,top,R69,,,R_0402_1005Metric,R_0402_1005Metric,smt
82.62,-60.29,0.0,top,R7,,,R_0402_1005Metric,125K,smt
123.88,-68.69,0.0,top,R70,,,R_0402_1005Metric,R_0402_1005Metric,smt
136.42,-66.67,90.0,top,R71,,,R_0402_1005Metric,R_0402_1005Metric,smt
130.96,-71.3,90.0,top,R72,,,R_0402_1005Metric,R_0402_1005Metric,smt
126.47,-68.71,0.0,top,R73,,,R_0402_1005Metric,R_0402_1005Metric,smt
137.52,-66.66,90.0,top,R74,,,R_0402_1005Metric,R_0402_1005Metric,smt
128.64,-73.54,0.0,top,R75,,,R_0402_1005Metric,R_0402_1005Metric,smt
139.63,-66.69,0.0,top,R76,,,R_0402_1005Metric,R_0402_1005Metric,smt
135.06,-66.49,90.0,top,R77,,,R_0402_1005Metric,R_0402_1005Metric,smt
81.43,-101.17,90.0,top,R78,,,R_0402_1005Metric,R_0402_1005Metric,smt
86.35,-110.94,0.0,top,R79,,,R_0402_1005Metric,R_0402_1005Metric,smt
73.98,-46.67,0.0,top,R8,,,R_0402_1005Metric,R_0402_1005Metric,smt
74.36,-94.19,0.0,top,R80,,,R_0402_1005Metric,R_0402_1005Metric,smt
86.83,-102.68,90.0,top,R81,,,R_0402_1005Metric,R_0402_1005Metric,smt
74.5,-113.57,90.0,top,R82,,,R_0402_1005Metric,R_0402_1005Metric,smt
87.0,-112.06,0.0,top,R83,,,R_0402_1005Metric,R_0402_1005Metric,smt
78.61,-105.09,0.0,top,R84,,,R_0402_1005Metric,R_0402_1005Metric,smt
88.7,-113.19,0.0,top,R85,,,R_0402_1005Metric,R_0402_1005Metric,smt
85.5,-105.25,0.0,top,R86,,,R_0402_1005Metric,R_0402_1005Metric,smt
75.86,-111.34,0.0,top,R87,,,R_0402_1005Metric,R_0402_1005Metric,smt
74.34,-95.14,0.0,top,R88,,,R_0402_1005Metric,R_0402_1005Metric,smt
82.11,-97.96,90.0,top,R89,,,R_0402_1005Metric,R_0402_1005Metric,smt
80.44,-53.05,0.0,top,R9,,,R_0402_1005Metric,4.7K,smt
86.5,-113.56,90.0,top,R90,,,R_0402_1005Metric,R_0402_1005Metric,smt
93.04,-110.46,0.0,top,R91,,,R_0402_1005Metric,R_0402_1005Metric,smt
106.92,-107.54,0.0,top,R92,,,R_0402_1005Metric,R_0402_1005Metric,smt
104.0,-110.11,0.0,top,R93,,,R_0402_1005Metric,R_0402_1005Metric,smt
106.92,-111.43,0.0,top,R94,,,R_0402_1005Metric,R_0402_1005Metric,smt
98.43,-101.06,0.0,top,R95,,,R_0402_1005Metric,R_0402_1005Metric,smt
104.0,-108.86,0.0,top,R96,,,R_0402_1005Metric,R_0402_1005Metric,smt
98.87,-106.14,0.0,top,R97,,,R_0402_1005Metric,R_0402_1005Metric,smt
92.9,-106.14,0.0,top,R98,,,R_0402_1005Metric,R_0402_1005Metric,smt
97.93,-102.44,0.0,top,R99,,,R_0402_1005Metric,R_0402_1005Metric,smt
201.68,-98.66,0.0,top,RA1,,,R-array,R-array,smt
209.96,-98.62,0.0,top,RA2,,,R-array,R-array,smt
132.9,-136.22,0.0,top,RA3,,,R-array,R-array,smt
136.72,-136.07,0.0,top,RA4,,,R-array,R-array,smt
102.89,-86.45,90.0,bottom,RA5,,,R-array,R-array,smt
75.53,-64.08,0.0,top,SW1,,,Switch,Switch,smt
164.05,-145.24,0.0,top,SW2,,,LidSwitch,LidSwitch,smt
76.39,-53.19,180.0,top,U1,,,SOT-353,SOT-353,smt
126.49,-70.91,180.0,top,U10,,,soic-8-small,soic-8-small,smt
133.75,-80.88,0.0,top,U11,,,SOP-24,YM3812,smt
149.04,-88.44,0.0,top,U12,,,SOIC-8-narrow,LM4861,smt
88.74,-98.3,90.0,top,U13,,,SOT-353,SOT-353,smt
88.7,-101.98,90.0,top,U14,,,SOT-353,SOT-353,smt
78.31,-98.74,180.0,top,U15,,,SOT-23-5,SOT-23-5,smt
82.95,-107.95,-90.0,top,U16,,,SOT-23-5,SOT-23-5,smt
75.87,-107.45,-90.0,top,U17,,,SOT-23-5,SOT-23-5,smt
106.69,-96.16,-90.0,top,U18,,,sso-8,7W126,smt
104.0875,-103.79,0.0,top,U19,,,TSSOP-14_4.4x5mm_P0.65mm,VT74,smt
75.16,-48.96,180.0,top,U2,,,sso-8,7W32,smt
103.93,-114.23,0.0,top,U20,,,sso-8,7W14,smt
121.82,-103.29,0.0,top,U21,,,Bowman,Bowman,smt
140.16,-93.8,-90.0,top,U22,,,SOT-353,SOT-353,smt
149.93,-104.81,0.0,top,U23,,,FDC,FDC,smt
148.56,-93.95,-90.0,top,U24,,,SOT-353,SOT-353,smt
146.02,-93.97,-90.0,top,U25,,,SOT-353,SOT-353,smt
170.77,-108.4,90.0,top,U26,,,sso-8,7W126,smt
192.47,-113.03,-90.0,top,U27,,,Flash-32,Flash-32,smt
79.0025,-114.72,0.0,top,U28,,,TSSOP-14_4.4x5mm_P0.65mm,74LVT74,smt
84.94,-125.17,0.0,top,U29,,,RAMchip,RAMchip,smt
88.65,-46.45,0.0,top,U3,,,IRDA,IRDA,smt
85.44,-117.06,0.0,top,U30,,,SOT-353,SOT-353,smt
77.74,-136.71,180.0,top,U31,,,SOT-23-5,SOT-23-5,smt
94.0825,-115.25,0.0,top,U32,,,TSSOP-14_4.4x5mm_P0.65mm,V74,smt
99.67,-138.85,0.0,top,U33,,,RAMchip,RAMchip,smt
100.13,-126.8225,-90.0,top,U34,,,TSSOP-14_4.4x5mm_P0.65mm,74LV126,smt
139.01,-123.25,0.0,top,U35,,,Pluto,Pluto,smt
120.33,-129.76,0.0,top,U36,,,SOP48,SOP48,smt
155.19,-135.25,180.0,top,U37,,,sso-8,7W14,smt
155.43,-118.9,-90.0,top,U38,,,SOT-353,SOT-353,smt
174.9,-133.5625,90.0,top,U39,,,TSSOP-14_4.4x5mm_P0.65mm,SN74LS74a,smt
126.7,-60.31,0.0,top,U4,,,QFN-52,QFN-52,smt
170.34,-132.4,-90.0,top,U40,,,sso-8,7W00,smt
209.11,-115.25,0.0,top,U41,,,QFN-100,QFN-100,smt
199.31,-133.415,0.0,top,U42,,,SanDisk,SanDisk,smt
127.13,-146.19,0.0,top,U43,,,LCD,Front LCD,tht
146.66,-143.37,0.0,top,U44,,,soic-8-small,soic-8-small,smt
174.92,-141.61,90.0,top,U45,,,TSSOP-16_4.4x5mm_P0.65mm,SN74LS123A,smt
138.21,-57.79,-90.0,bottom,U46,,,SOIC-8,DS1669,smt
126.26,-61.78,-90.0,bottom,U47,,,SOP-16,Y3014,smt
135.16,-46.87,-90.0,bottom,U48,,,SOIC-8,3414A,smt
126.68,-71.88,90.0,bottom,U49,,,SSOP-24_5.3x8.2mm_P0.65mm,HD151015,smt
76.33,-74.83,0.0,top,U5,,,TSSOP-14_4.4x5mm_P0.65mm,TSSOP-14_4.4x5mm_P0.65mm,smt
101.81,-77.35,180.0,bottom,U50,,,SOT-23-5,SOT-23-5,smt
105.52,-63.68,180.0,bottom,U51,,,BGA-169,CHIPS65535,smt
86.97,-77.55,0.0,bottom,U52,,,SOT-353,SOT-353,smt
78.19,-84.92,180.0,bottom,U53,,,TSOP-5_1.65x3.05mm_P0.95mm,TSOP-5_1.65x3.05mm_P0.95mm,smt
81.8075,-64.09,0.0,bottom,U54,,,TSSOP-14_4.4x5mm_P0.65mm,SN74HC74,smt
76.18,-77.67,-90.0,bottom,U55,,,TSOP-5_1.65x3.05mm_P0.95mm,TSOP-5_1.65x3.05mm_P0.95mm,smt
205.56,-112.41,180.0,bottom,U56,,,TSSOP-14_4.4x5mm_P0.65mm,SN74LV32,smt
187.74,-112.77,180.0,bottom,U57,,,TSSOP-14_4.4x5mm_P0.65mm,SN74LVT125,smt
180.83,-112.47,0.0,bottom,U58,,,SOT-353,SOT-353,smt
151.59,-102.16,180.0,bottom,U59,,,Flash-40,28F200BX,smt
83.35,-88.47,0.0,top,U6,,,QFN-80,QFN-80,smt
126.21,-104.52,90.0,bottom,U60,,,SOT-353,SOT-353,smt
124.66,-89.77,180.0,bottom,U61,,,BGA-256,VL82C420,smt
94.28,-97.78,90.0,bottom,U62,,,TSSOP-14_4.4x5mm_P0.65mm,SN74LVT125,smt
85.39,-97.29,-90.0,bottom,U63,,,SOIC-16W,AV9154A-27,smt
215.51,-130.4,180.0,bottom,U64,,,SOT-353,SOT-353,smt
196.87,-115.95,180.0,bottom,U65,,,TSSOP-14_4.4x5mm_P0.65mm,SN74LV02,smt
207.5675,-117.97,180.0,bottom,U66,,,TSSOP-14_4.4x5mm_P0.65mm,SN74LV08,smt
215.31,-126.05,180.0,bottom,U67,,,SSOP-8_2.95x2.8mm_P0.65mm,SN74LVC2G32,smt
209.26,-133.09,-90.0,bottom,U68,,,TSSOP-14_4.4x5mm_P0.65mm,SN74LV126,smt
193.26,-131.01,-90.0,bottom,U69,,,QFN64,M38813M4,smt
106.35,-88.85,0.0,top,U7,,,TSSOP-24_6.1x7.8mm_P0.65mm,HD151015,smt
168.83,-130.85,180.0,bottom,U70,,,TSSOP-20_4.4x6.5mm_P0.65mm,SN74LVT244B,smt
173.9325,-121.31,180.0,bottom,U71,,,TSSOP-30_6.1x9.7mm_P0.65mm,TPS2201,smt
178.33,-132.0,180.0,bottom,U72,,,SSOP-24_5.3x8.2mm_P0.65mm,HD151015,smt
187.8,-119.03,0.0,bottom,U73,,,TSSOP-14_4.4x5mm_P0.65mm,SN74LV32,smt
151.02,-121.945,-90.0,bottom,U74,,,BGA-256,RB5C396,smt
124.44,-138.89,180.0,bottom,U75,,,SSOP-28,D17137AGT,smt
124.685,-118.975,180.0,bottom,U76,,,BGA-256,486SX-33,smt
90.08,-63.9,90.0,top,U8,,,GRAMchip,GPU DRAM,smt
114.23,-86.31,90.0,top,U9,,,SOT-353,SOT-353,smt
82.17,-70.94,0.0,top,X1,,,XTAL-2,XTAL-2,smt
136.72,-71.51,0.0,top,X2,,,XTAL-1,XTAL-1,smt
141.88,-90.47,180.0,bottom,X3,,,XTAL-3,"32,768MHz",smt
75.24,-94.05,90.0,bottom,X4,,,XTAL-6,14.318MHz,smt
203.2,-130.19,180.0,bottom,X5,,,XTAL-5,XTAL-5,smt
112.44,-140.39,180.0,bottom,X6,,,XTAL-4,XTAL-4,smt
