﻿Designator,Quantity,Value,Footprint,Package,MPN,DNP,Mount_Type,Description
"U1, U7",2,SN74LV32,TSSOP-14_4.4x5mm_P0.65mm,,,,smt,Quadruple 2-Input Positive-Or Gates
U10,1,SN74HC74,TSSOP-14_4.4x5mm_P0.65mm,,,,smt,Dual D-Type Positive-Edge-Triggered Flip-Flops With Clear and Preset
U2,1,SN74LV08,TSSOP-14_4.4x5mm_P0.65mm,,,,smt,
U20,1,VL82C420,BGA-256,,,,smt,
U23,1,CHIPS65535,BGA-169,,,,smt,
U25,1,RB5C396,BGA-256,,,,smt,PC Card Controller
U3,1,SN74LV126,TSSOP-14_4.4x5mm_P0.65mm,,,,smt,Quadruple Bus Buffer Gates With 3-State Outputs
U34,1,486SX-33,BGA-256,,,,smt,Intel 486 SX
U4,1,SN74LV02,TSSOP-14_4.4x5mm_P0.65mm,,,,smt,Quadruple 2-Input Positive-NOR Gates
U5,1,SN74LVC2G32,SSOP-8_2.95x2.8mm_P0.65mm,,,,smt,Dual 2-Input Positive-OR Gate
"U6, U9",2,SN74LVT125,TSSOP-14_4.4x5mm_P0.65mm,,,,smt,ABT QUADRUPLE BUS BUFFER WITH 3STATE OUTPUTS
U8,1,SN74LVT244B,TSSOP-20_4.4x6.5mm_P0.65mm,,,,smt,ABT OCTAL BUFFER/DRIVER
