﻿pos_x,pos_y,rotation,side,designator,mpn,pack,footprint,value,mount_type
205.56,-112.41,180.0,bottom,U1,,,TSSOP-14_4.4x5mm_P0.65mm,SN74LV32,smt
81.8075,-64.09,0.0,bottom,U10,,,TSSOP-14_4.4x5mm_P0.65mm,SN74HC74,smt
207.5675,-117.97,180.0,bottom,U2,,,TSSOP-14_4.4x5mm_P0.65mm,SN74LV08,smt
124.655,-89.775,180.0,bottom,U20,,,BGA-256,VL82C420,smt
105.52,-63.68,180.0,bottom,U23,,,BGA-169,CHIPS65535,smt
151.015,-121.925,-90.0,bottom,U25,,,BGA-256,RB5C396,smt
209.26,-133.09,-90.0,bottom,U3,,,TSSOP-14_4.4x5mm_P0.65mm,SN74LV126,smt
124.685,-118.975,180.0,bottom,U34,,,BGA-256,486SX-33,smt
196.87,-115.95,180.0,bottom,U4,,,TSSOP-14_4.4x5mm_P0.65mm,SN74LV02,smt
215.31,-126.05,180.0,bottom,U5,,,SSOP-8_2.95x2.8mm_P0.65mm,SN74LVC2G32,smt
187.74,-112.77,180.0,bottom,U6,,,TSSOP-14_4.4x5mm_P0.65mm,SN74LVT125,smt
187.8,-119.03,0.0,bottom,U7,,,TSSOP-14_4.4x5mm_P0.65mm,SN74LV32,smt
168.83,-130.85,180.0,bottom,U8,,,TSSOP-20_4.4x6.5mm_P0.65mm,SN74LVT244B,smt
94.28,-97.78,90.0,bottom,U9,,,TSSOP-14_4.4x5mm_P0.65mm,SN74LVT125,smt
